bfs_cost_of_path,bfs_max_ram_usage,bfs_max_search_depth, bfs_nodes_expanded ,bfs_path_to_goal,bfs_running_time, bfs_search_depth ,dfs_cost_of_path,dfs_max_ram_usage, dfs_max_search_depth , dfs_nodes_expanded ,dfs_running_time, dfs_search_depth ,grid,i
1,0.0000933888,1, 1 ,U,0.0000000000, 1 ,1,0.0000933888, 1 , 1 ,0.0000000000, 1 ,"3,1,2,0,4,5,6,7,8",0
21,0.4478648320,22," 78,415 ",LLDRURDLLUURDLDRURULL,1.7085237503, 21 ,395,0.0037191680, 395 , 404 ,0.0069992542, 395 ,"7,1,5,8,2,0,3,6,4",1
24,0.4499193856,25," 134,620 ",LULURDDLURRDLURULDRDLLUU,2.7246382236, 24 ,466,0.0037732352, 466 , 479 ,0.0080008507, 466 ,"7,3,4,2,6,8,5,1,0",2
22,0.4498653184,23," 85,629 ",ULLDRURDLUULDDRURDLUUL,1.6241042614, 22 ,1470,0.0144883712," 1,470 "," 1,510 ",0.0249965191," 1,470 ","4,8,2,5,6,7,1,3,0",3
22,0.4498653184,23," 73,801 ",UULDLURDDLURRDLLURRULL,1.6523995399, 22 ,2050,0.0149209088," 2,050 "," 2,106 ",0.0340001583," 2,050 ","7,5,3,2,1,4,8,6,0",4
25,0.4508385280,26," 153,399 ",DLULDRULURDDLURRULLDDRUUL,3.0812358856, 25 ,2205,0.0150290432," 2,205 "," 2,267 ",0.0379989147," 2,205 ","3,4,5,1,6,0,2,8,7",5
22,0.4506763264,23," 81,888 ",ULDDRUULDRURDDLUURDLUL,1.7350292206, 22 ,2380,0.0151371776," 2,380 "," 2,448 ",0.0399975777," 2,380 ","3,8,5,7,0,4,1,6,2",6
19,0.2273312768,20," 42,101 ",RULLURRDLLURRDLDLUU,0.9951968193, 19 ,2507,0.0151912448," 2,507 "," 2,576 ",0.0429997444," 2,507 ","5,6,3,2,1,8,7,0,4",7
24,0.4506763264,25," 128,992 ",ULDRURDDLLUURRDDLURDLLUU,2.4905385971, 24 ,2692,0.0153534464," 2,692 "," 2,768 ",0.0449991226," 2,692 ","8,7,3,6,0,1,5,4,2",8
19,0.2272231424,20," 33,507 ",DRUURDDLULURDLDRULU,0.5549995899, 19 ,2613,0.0152993792," 2,613 "," 2,685 ",0.0450005531," 2,613 ","7,6,3,0,8,2,1,4,5",9
19,0.2272231424,20," 36,883 ",LDDRULDRRUULDRDLUUL,0.7530014515, 19 ,2961,0.0155156480," 2,961 "," 3,042 ",0.0499963760," 2,961 ","2,0,7,1,6,5,4,3,8",10
26,0.4499193856,27," 156,342 ",DDRUULDRDLURURDDLUURDDLULU,3.1715397835, 26 ,2972,0.0155156480," 2,972 "," 3,052 ",0.0499997139," 2,972 ","0,6,7,8,4,1,3,5,2",11
14,0.0557809664,15," 4,250 ",LULDRURDLLURUL,0.0699987411, 14 ,3042,0.0558350336," 3,042 "," 3,125 ",0.0530002117," 3,042 ","1,4,2,8,7,3,6,5,0",12
26,0.8671428608,27," 165,914 ",URRDLURULDRDLURULDLDRRULLU,3.4030010700, 26 ,3236,0.0559431680," 3,236 "," 3,323 ",0.0549979210," 3,236 ","3,8,6,4,5,7,0,1,2",13
21,0.4478648320,22," 73,802 ",LDRRULDRDLULDRUULDRUL,1.4470009804, 21 ,3273,0.0559972352," 3,273 "," 3,360 ",0.0559995174," 3,273 ","2,0,6,4,7,3,1,8,5",14
16,0.0590790656,17," 11,961 ",DRULLURRDLDLURUL,0.1909992695, 16 ,3376,0.0560513024," 3,376 "," 3,468 ",0.0569980145," 3,376 ","6,1,4,5,0,8,7,2,3",15
23,0.4508385280,24," 104,266 ",ULDRULLDRURDLLURDDRUULL,2.2031342983, 23 ,3477,0.0561053696," 3,477 "," 3,569 ",0.0599989891," 3,477 ","8,5,2,3,1,0,6,4,7",16
23,0.4508385280,24," 116,388 ",RULDRDLURRDLURULLDRRULL,2.2570381165, 23 ,3561,0.0561594368," 3,561 "," 3,655 ",0.0600004196," 3,561 ","5,6,4,0,2,7,8,1,3",17
24,0.4506763264,25," 138,718 ",DLURRULLDRDRUULDDRUULDLU,2.8688728809, 24 ,3112,0.0558891008," 3,112 "," 3,198 ",0.0600018501," 3,112 ","5,8,7,6,0,4,2,3,1",18
20,0.2292776960,21," 38,847 ",UULDDRULLDRRULDLURUL,0.7851464748, 20 ,3590,0.0562135040," 3,590 "," 3,684 ",0.0609979630," 3,590 ","1,2,3,5,4,7,6,8,0",19
14,0.0558891008,15," 4,729 ",RRULLDRUULDRUL,0.0739991665, 14 ,4106,0.0565379072," 4,106 "," 4,216 ",0.0690007210," 4,106 ","4,3,2,7,5,8,0,1,6",20
27,0.8667103232,28," 175,109 ",DRUULDDRUULDRRULDRDLULDRULU,3.5322475433, 27 ,4481,0.0568082432," 4,481 "," 4,598 ",0.0750000477," 4,481 ","7,8,6,0,4,1,2,3,5",21
18,0.2248441856,19," 27,280 ",DRULDLURRDLLUURDLU,0.6044631004, 18 ,3026,0.0558350336," 3,026 "," 3,110 ",0.0770001411," 3,026 ","4,3,2,7,0,5,8,1,6",22
24,0.4499193856,25," 132,354 ",RUULDRURDDLUULDRRULDDLUU,2.6114592552, 24 ,5284,0.0573489152," 5,284 "," 5,429 ",0.0889976025," 5,284 ","4,3,6,2,8,5,0,7,1",23
24,0.4499193856,25," 117,612 ",DDLUURDDLLUURRDLDLUURDLU,2.3987028599, 24 ,5416,0.0574029824," 5,416 "," 5,555 ",0.0919983387," 5,416 ","6,5,0,7,8,4,1,2,3",24
21,0.2332786688,22," 60,842 ",ULDLDRRUULDLDRRUULDLU,1.2679967880, 21 ,2753,0.0153534464," 2,753 "," 2,829 ",0.0952563286," 2,753 ","3,8,7,2,5,0,1,4,6",25
20,0.2294398976,21," 53,818 ",LLDRDLURURDDLUURDLLU,1.1722159386, 20 ,6032,0.0578355200," 6,032 "," 6,187 ",0.1020002365," 6,032 ","7,5,0,3,6,1,8,4,2",26
26,0.4499193856,27," 157,117 ",UULDDRUULLDRRULLDRDLURRULL,3.0772552490, 26 ,6104,0.0578895872," 6,104 "," 6,262 ",0.1049997807," 6,104 ","5,6,8,2,4,3,7,1,0",27
24,0.4499193856,25," 131,250 ",DLLDRRUULDLDRULURDRDLLUU,2.6419563293, 24 ,6366,0.0580517888," 6,366 "," 6,532 ",0.1069996357," 6,366 ","6,2,0,3,5,4,8,1,7",28
23,0.4508385280,24," 118,728 ",LURRULDDRULDLUURDLDRUUL,2.6084325314, 23 ,6421,0.0581058560," 6,421 "," 6,588 ",0.1079976559," 6,421 ","7,2,8,6,3,1,5,0,4",29
18,0.2237628416,19," 23,956 ",RULURDRULDLURDRULL,0.6291184425, 18 ,5460,0.0574570496," 5,460 "," 5,612 ",0.1169970036," 5,460 ","2,3,4,5,7,1,0,6,8",30
21,0.2332786688,22," 61,445 ",ULDRDLUULDDRULURRDLLU,1.2271978855, 21 ,4037,0.0564838400," 4,037 "," 4,141 ",0.1189997196," 4,037 ","3,1,6,4,7,0,5,8,2",31
25,0.4508385280,26," 155,234 ",LDDRUURDDLUURDLLURRDDLUUL,3.0373730659, 25 ,7759,0.0589709312," 7,759 "," 7,963 ",0.1299993992," 7,759 ","8,0,2,3,5,1,7,6,4",32
22,0.4498112512,23," 72,599 ",UURDDLURRULDRDLUURDLLU,1.4320180416, 22 ,7922,0.0590790656," 7,922 "," 8,148 ",0.1349949837," 7,922 ","6,3,7,8,1,5,0,4,2",33
18,0.2233843712,19," 21,261 ",ULDRUULLDRURDLDLUU,0.3930013180, 18 ,6942,0.0584302592," 6,942 "," 7,119 ",0.1409959793," 6,942 ","5,1,2,3,8,4,7,6,0",34
17,0.2220326912,18," 19,309 ",LLURRDDLLURRDLLUU,0.3129966259, 17 ,8269,0.0592953344," 8,269 "," 8,487 ",0.1422519684," 8,269 ","7,3,1,6,2,0,8,5,4",35
23,0.4508385280,24," 121,060 ",RDRULURDLDLUURDLDRRULLU,2.6008055210, 23 ,9095,0.0598360064," 9,095 "," 9,355 ",0.1534359455," 9,095 ","5,8,3,0,4,7,6,2,1",36
23,0.4508385280,24," 112,011 ",DRURULDLDRRUULDLURDDLUU,2.2426714897, 23 ,9215,0.0599441408," 9,215 "," 9,477 ",0.1569995880," 9,215 ","6,5,8,0,7,2,3,1,4",37
23,0.4508385280,24," 104,447 ",URDRDLUURDDLUURDLLDRULU,2.0494031906, 23 ,5157,0.0572407808," 5,157 "," 5,290 ",0.1590008736," 5,157 ","7,3,5,0,6,8,4,2,1",38
24,0.4499193856,25," 138,436 ",RRDDLURULDRDLULDRURDLULU,2.7116990089, 24 ,9924,0.0604307456," 9,924 "," 10,203 ",0.1679980755," 9,924 ","0,3,2,8,5,6,4,7,1",39
16,0.0576192512,17," 7,601 ",DDLULURRDLLDRULU,0.1229999065, 16 ,10140,0.0605388800," 10,140 "," 10,407 ",0.1719987392," 10,140 ","7,3,0,5,6,1,4,8,2",40
28,0.8671428608,29," 179,606 ",DRRULDRDLUULDDRULURDRULLDRUL,3.6744608879, 28 ,10088,0.0605388800," 10,088 "," 10,374 ",0.1719992161," 10,088 ","0,5,6,4,1,7,2,8,3",41
24,0.4499193856,25," 134,340 ",RUURDLLURRDDLULDRURULDLU,2.5799629688, 24 ,5356,0.0574029824," 5,356 "," 5,503 ",0.1809940338," 5,356 ","7,5,3,6,8,2,0,4,1",42
20,0.2294398976,21," 47,531 ",LDDLUURDDRUULLDRRULL,1.0170760155, 20 ,8568,0.0595116032," 8,568 "," 8,790 ",0.1849973202," 8,568 ","1,4,0,6,2,8,3,5,7",43
26,0.4499193856,27," 157,177 ",UURDDRULURDLLURDDLUURDDLUU,3.1916844845, 26 ,11114,0.0611876864," 11,114 "," 11,430 ",0.1900002956," 11,114 ","3,7,6,4,5,8,0,2,1",44
21,0.4478648320,22," 71,462 ",LUURRDLULDRDRULURDLLU,1.5180802345, 21 ,11473,0.0614039552," 11,473 "," 11,788 ",0.1940007210," 11,473 ","3,5,4,6,8,1,2,0,7",45
16,0.0578355200,17," 8,391 ",ULULDRDRULURDLLU,0.1370878220, 16 ,11476,0.0614039552," 11,476 "," 11,791 ",0.1949982643," 11,476 ","5,4,1,3,8,7,6,2,0",46
29,0.8668725248,30," 180,976 ",ULURDRULDRDLLURRDLLUURDRDLLUU,3.6713061333, 29 ,4509,0.0568082432," 4,509 "," 4,626 ",0.1980195045," 4,509 ","8,6,7,2,4,3,5,0,1",47
24,0.4499193856,25," 130,791 ",URRDLUURDLLDRUULDRURDLLU,2.5260429382, 24 ,6868,0.0583761920," 6,868 "," 7,065 ",0.2030494213," 6,868 ","5,2,4,3,7,6,0,8,1",48
23,0.4508385280,24," 107,856 ",ULURRDLDLURDRUULDDRUULL,2.1630012989, 23 ,11773,0.0616202240," 11,773 "," 12,096 ",0.2050006390," 11,773 ","6,1,5,7,3,8,2,0,4",49
24,0.4499193856,25," 132,864 ",RUULDRRULLDDRUULDRRDLUUL,2.7102439404, 24 ,12616,0.2232221696," 12,616 "," 12,972 ",0.2119994164," 12,616 ","2,4,7,3,6,8,0,1,5",50
22,0.4506763264,23," 87,481 ",URDDLULURRDLDRULLDRUUL,1.7693488598, 22 ,12556,0.2232221696," 12,556 "," 12,909 ",0.2119998932," 12,556 ","7,5,1,8,0,4,3,6,2",51
19,0.2271690752,20," 36,262 ",DRDLLURRDLUURDDLULU,0.7360000610, 19 ,10593,0.0608632832," 10,593 "," 10,884 ",0.2130019665," 10,593 ","3,0,1,6,7,4,5,2,8",52
19,0.2271150080,20," 32,909 ",DLUULDDRUULDRRULDLU,0.5489988327, 19 ,2533,0.0152453120," 2,533 "," 2,603 ",0.2190008163," 2,533 ","4,7,5,2,6,0,3,8,1",53
21,0.4478648320,22," 67,720 ",DRURULDRDLULDRURDLLUU,1.3807094097, 21 ,10227,0.0605929472," 10,227 "," 10,519 ",0.2249996662," 10,227 ","3,2,7,0,5,1,8,6,4",54
27,0.8668725248,28," 178,184 ",RDLDLUURDDRULDLUURRDLDLURUL,3.6073057652, 27 ,13405,0.2237628416," 13,405 "," 13,792 ",0.2279970646," 13,405 ","7,0,6,3,8,4,2,1,5",55
24,0.4499193856,25," 140,087 ",RRDLLDRRULLURRDLDLUURDLU,2.8994858265, 24 ,13288,0.2236547072," 13,288 "," 13,667 ",0.2335088253," 13,288 ","0,6,4,2,8,3,5,7,1",56
22,0.4498112512,23," 85,542 ",DRRDLURULDDLUURDDLURUL,1.8662540913, 22 ,14598,0.2245197824," 14,598 "," 15,040 ",0.2479989529," 14,598 ","0,2,5,6,7,4,3,8,1",57
22,0.4498653184,23," 72,930 ",DDLUURDDLULURRDLLDRUUL,1.6292982101, 22 ,10984,0.0610795520," 10,984 "," 11,276 ",0.2530004978," 10,984 ","7,6,0,5,8,1,3,2,4",58
20,0.2294398976,21," 45,153 ",DLDRUULLDRRDLUURDLUL,1.0572149754, 20 ,12800,0.2233303040," 12,800 "," 13,146 ",0.2539985180," 12,800 ","5,4,0,1,2,7,6,3,8",59
24,0.4499193856,25," 118,818 ",DDLULURDRDLLUURRDLDRULLU,2.3648033142, 24 ,10014,0.0604848128," 10,014 "," 10,278 ",0.2539987564," 10,014 ","6,4,0,3,7,1,5,2,8",60
20,0.2294398976,21," 45,153 ",DLDRUULLDRRDLUURDLUL,0.8871428967, 20 ,12800,0.2233303040," 12,800 "," 13,146 ",0.2559998035," 12,800 ","5,4,0,1,2,7,6,3,8",61
23,0.4508385280,24," 104,756 ",DDRULLURDDLUURRDLDRULUL,2.2219986916, 23 ,10571,0.0608632832," 10,571 "," 10,862 ",0.2569959164," 10,571 ","6,0,4,1,3,7,5,2,8",62
16,0.0577273856,17," 7,756 ",DDLURULDLURRDLLU,0.1930696964, 16 ,13248,0.2236547072," 13,248 "," 13,609 ",0.2569994926," 13,248 ","4,1,0,5,7,2,6,8,3",63
25,0.4508385280,26," 158,953 ",LDLURDRULURDLDLUURDLDRUUL,3.1402130127, 25 ,15333,0.2250063872," 15,333 "," 15,800 ",0.2609989643," 15,333 ","7,5,1,6,8,0,2,3,4",64
24,0.4499193856,25," 136,067 ",LULDRULURRDLLURDLDRRUULL,2.7373392582, 24 ,9392,0.0600522752," 9,392 "," 9,641 ",0.2619996071," 9,392 ","2,4,1,6,3,5,8,7,0",65
23,0.4508385280,24," 100,348 ",UULDDRRULLURRDLLDRRULUL,2.1394684315, 23 ,15585,0.2251685888," 15,585 "," 16,061 ",0.2669978142," 15,585 ","1,2,4,5,3,7,8,0,6",66
20,0.2294398976,21," 50,600 ",RULDRRUULLDRDRULDLUU,1.0140757561, 20 ,13856,0.2240331776," 13,856 "," 14,256 ",0.2729992867," 13,856 ","1,2,8,6,7,4,0,3,5",67
25,0.4508385280,26," 144,067 ",UULDRURDLULDRURDDLURDLLUU,2.8623039722, 25 ,10845,0.0610254848," 10,845 "," 11,146 ",0.2735216618," 10,845 ","2,3,6,8,5,1,7,0,4",68
25,0.4508385280,26," 144,818 ",DDLURRULDRDLLUURDRULDDLUU,2.9190754890, 25 ,10941,0.0610795520," 10,941 "," 11,243 ",0.2869987488," 10,941 ","6,0,2,4,5,3,8,7,1",69
21,0.4479188992,22," 76,843 ",RULULDRURDLDLUURDDLUU,1.4911985397, 21 ,13721,0.2239791104," 13,721 "," 14,115 ",0.2879986763," 13,721 ","5,7,3,6,2,8,4,0,1",70
23,0.4508385280,24," 116,945 ",RULDRRDLURULLDDRURDLULU,2.4084362984, 23 ,17041,0.2260336640," 17,041 "," 17,611 ",0.2915406227," 17,041 ","2,3,7,0,1,6,4,5,8",71
23,0.4508385280,24," 104,308 ",ULDRULLDRDLURRDLUURDLUL,2.1030516624, 23 ,12575,0.2232221696," 12,575 "," 12,926 ",0.2929997444," 12,575 ","5,7,6,1,4,0,8,3,2",72
16,0.0582139904,17," 9,992 ",LUURDDLLUURDRULL,0.1580512524, 16 ,17642,0.2264662016," 17,642 "," 18,219 ",0.3019993305," 17,642 ","3,2,1,6,8,5,7,4,0",73
23,0.4508385280,24," 105,276 ",URDRDLLURRULDDRUULDDLUU,2.2730801105, 23 ,18187,0.2267906048," 18,187 "," 18,824 ",0.3089993000," 18,187 ","7,3,8,0,5,6,1,4,2",74
21,0.4479188992,22," 69,565 ",DRDLLURRDLUULDDRRULLU,1.6153554916, 21 ,14829,0.2246819840," 14,829 "," 15,284 ",0.3129999638," 14,829 ","1,0,2,4,5,3,7,8,6",75
17,0.0601063424,18," 13,195 ",URDLURRDDLULDRUUL,0.2180001736, 17 ,8997,0.0597819392," 8,997 "," 9,255 ",0.3130929470," 8,997 ","6,7,4,0,1,2,3,8,5",76
22,0.4506763264,23," 96,963 ",DRULDLURDRULULDDRRULUL,1.9937312603, 22 ,18608,0.2271150080," 18,608 "," 19,257 ",0.3161358833," 18,608 ","4,5,2,3,0,6,8,7,1",77
23,0.4508385280,24," 120,915 ",LDRUULLDRRULDDRUULDDLUU,2.4791147709, 23 ,13555,0.2238709760," 13,555 "," 13,945 ",0.3179988861," 13,555 ","5,8,2,3,4,0,7,6,1",78
24,0.4499193856,25," 131,753 ",RUULDDRUURDDLURULDDRUULL,2.7030420303, 24 ,13930,0.2240872448," 13,930 "," 14,331 ",0.3229990005," 13,930 ","4,7,5,1,6,8,0,3,2",79
17,0.2213838848,18," 14,238 ",DLURDLDRRUULDRULL,0.3790001869, 17 ,16835,0.2259795968," 16,835 "," 17,376 ",0.3269982338," 16,835 ","2,0,4,5,1,8,3,6,7",80
25,0.4508385280,26," 146,528 ",ULDLDRURULLDDRUULDRRDLUUL,3.0669066906, 25 ,19303,0.2275475456," 19,303 "," 19,974 ",0.3290002346," 19,303 ","3,7,8,6,2,0,4,1,5",81
17,0.2220326912,18," 19,193 ",LLURDRULLDRDLURUL,0.5762407780, 17 ,16495,0.2257633280," 16,495 "," 17,010 ",0.3309981823," 16,495 ","1,4,5,2,6,0,7,3,8",82
17,0.2220867584,18," 19,193 ",LLURDRULLDRDLURUL,0.6459996700, 17 ,16495,0.2257633280," 16,495 "," 17,010 ",0.3369984627," 16,495 ","1,4,5,2,6,0,7,3,8",83
23,0.4508385280,24," 105,054 ",DDRULLURRDLLURDLDRRULLU,2.1179997921, 23 ,16791,0.2259255296," 16,791 "," 17,328 ",0.3529205322," 16,791 ","1,0,3,8,5,7,4,2,6",84
17,0.2218704896,18," 17,770 ",LURDLLURDLDRURULL,0.4950721264, 17 ,18115,0.2267906048," 18,115 "," 18,726 ",0.3629996777," 18,115 ","7,4,1,2,5,0,3,6,8",85
19,0.2272231424,20," 38,132 ",LURURDDLUURDDLLURUL,0.8429994583, 19 ,17563,0.2264121344," 17,563 "," 18,136 ",0.3679993153," 17,563 ","1,8,3,7,6,4,5,0,2",86
26,0.4499193856,27," 159,416 ",DDRURDLURULDLURDLDRURULDLU,3.3043656349, 26 ,21674,0.2289532928," 21,674 "," 22,530 ",0.3710021973," 21,674 ","0,5,1,7,8,6,2,4,3",87
22,0.4506763264,23," 102,204 ",LDRRUULDLURDDLURDRUULL,2.0132260323, 22 ,17818,0.2265743360," 17,818 "," 18,412 ",0.3739988804," 17,818 ","6,5,8,1,0,7,2,4,3",88
26,0.4499193856,27," 157,189 ",UURDDRULURDLLURDDLURRDLLUU,3.1542210579, 26 ,22078,0.2292236288," 22,078 "," 22,952 ",0.3759970665," 22,078 ","1,7,3,8,4,5,0,2,6",89
22,0.4498112512,23," 84,957 ",URRULLDRRULLDRDRUULDLU,1.8559999466, 22 ,17928,0.2266284032," 17,928 "," 18,515 ",0.3769993782," 17,928 ","5,8,4,6,2,3,0,1,7",90
19,0.2266824704,20," 28,976 ",UULDDRURDLURULDDLUU,0.6162233353, 19 ,18661,0.2271150080," 18,661 "," 19,308 ",0.3779952526," 18,661 ","2,8,5,3,7,4,6,0,1",91
23,0.4508385280,24," 121,665 ",RDLULDDRULURRDLLURRDLUL,2.4671421051, 23 ,22175,0.2293317632," 22,175 "," 23,030 ",0.3810002804," 22,175 ","3,0,7,5,4,1,2,6,8",92
22,0.4498653184,23," 83,769 ",DLLURDDLUURDDRULDLURUL,1.6679997444, 22 ,19056,0.2273312768," 19,056 "," 19,721 ",0.3850679398," 19,056 ","7,6,0,1,8,2,5,4,3",93
21,0.2332786688,22," 58,829 ",URDDRULURDLDLURDRULUL,1.4154636860, 21 ,19881,0.2278719488," 19,881 "," 20,586 ",0.3909988403," 19,881 ","6,1,4,0,8,7,5,2,3",94
20,0.2307375104,21," 51,412 ",DLUURDLDRRULLDRRULLU,1.0369992256, 20 ,20904,0.2285207552," 20,904 "," 21,684 ",0.4029986858," 20,904 ","8,3,2,5,0,7,4,1,6",95
20,0.2294398976,21," 46,042 ",ULLURDRULDDRULLDRULU,1.0765128136, 20 ,21636,0.2290073600," 21,636 "," 22,466 ",0.4109995365," 21,636 ","7,3,8,2,1,6,4,5,0",96
22,0.4498653184,23," 85,271 ",DRRDLUURDLULDDRURDLULU,1.7369050980, 22 ,21066,0.2285748224," 21,066 "," 21,869 ",0.4229993820," 21,066 ","0,7,8,1,3,6,4,5,2",97
25,0.4508385280,26," 160,610 ",RDLLURDDLUURRDLULDRDRULUL,3.3111505508, 25 ,24837,0.2309537792," 24,837 "," 25,896 ",0.4240000248," 24,837 ","6,0,1,4,2,3,5,8,7",98
19,0.2268446720,20," 29,834 ",ULDLURDLDRULURRDLUL,0.6239969730, 19 ,21087,0.2286288896," 21,087 "," 21,871 ",0.4251461029," 21,087 ","7,4,2,1,3,0,5,6,8",99
27,0.8668725248,28," 171,338 ",DDLUURDLURRDDLUULDRRDLLURUL,3.3760955334, 27 ,18009,0.2266824704," 18,009 "," 18,617 ",0.4262742996," 18,009 ","8,0,6,7,1,2,5,4,3",100
22,0.4498653184,23," 90,463 ",LDLDRUULDDRURULDRDLLUU,1.8879990578, 22 ,21404,0.2287910912," 21,404 "," 22,213 ",0.4299991131," 21,404 ","2,4,0,7,8,1,3,6,5",101
23,0.4508385280,24," 108,819 ",DLUULDDRURDLLURURDDLLUU,2.2212562561, 23 ,24909,0.2310078464," 24,909 "," 25,975 ",0.4300017357," 24,909 ","4,5,1,3,8,0,7,2,6",102
24,0.4499193856,25," 125,693 ",DRURDLULDDRUURDDLURULDLU,2.5230908394, 24 ,25108,0.2310619136," 25,108 "," 26,174 ",0.4309980869," 25,108 ","0,5,8,7,3,2,4,6,1",103
23,0.4508385280,24," 107,660 ",ULURRDDLLURRULDRDLURULL,2.2053303719, 23 ,20155,0.2280882176," 20,155 "," 20,888 ",0.4320008755," 20,155 ","6,1,5,3,4,7,8,0,2",104
19,0.2273312768,20," 38,195 ",RURDDLLURURDLDRULLU,0.9010004997, 19 ,20969,0.2285207552," 20,969 "," 21,740 ",0.4342470169," 20,969 ","3,4,8,0,6,1,5,7,2",105
25,0.4508385280,26," 143,997 ",ULDDRUULDRULLDDRULDRRULUL,2.9712717533, 25 ,20363,0.2281963520," 20,363 "," 21,106 ",0.4421255589," 20,363 ","4,6,7,1,8,0,5,2,3",106
25,0.4508385280,26," 148,955 ",ULURDLDRURDLULDRURULLDRUL,3.1787674427, 25 ,26047,0.2317107200," 26,047 "," 27,189 ",0.4474496841," 26,047 ","8,4,5,2,1,6,7,0,3",107
22,0.4507303936,23," 94,582 ",DLURRDLLURURDDLLUURDLU,2.0484232903, 22 ,22136,0.2292776960," 22,136 "," 22,989 ",0.4479994774," 22,136 ","4,1,3,8,0,6,5,7,2",108
26,0.4499193856,27," 156,364 ",DDRUULDRDLURRDLURULDRDLULU,3.0401070118, 26 ,20342,0.2281422848," 20,343 "," 21,091 ",0.4539988041," 20,342 ","0,6,7,2,4,8,3,5,1",109
16,0.0593494016,17," 13,876 ",RULLDDRRULLDRULU,0.2240021229, 16 ,26144,0.2317647872," 26,144 "," 27,293 ",0.4595119953," 26,144 ","1,2,8,3,0,5,7,4,6",110
24,0.4499193856,25," 133,400 ",LDDRUULDLDRULURDRULLDRUL,2.7532083988, 24 ,21224,0.2286829568," 21,224 "," 22,018 ",0.4620711803," 21,224 ","1,3,0,7,5,8,2,4,6",111
21,0.4478648320,22," 68,463 ",DLURULLDRRDLUURDDLLUU,1.4674568176, 21 ,21287,0.2287910912," 21,287 "," 22,093 ",0.4739999771," 21,287 ","4,1,8,3,5,0,7,2,6",112
20,0.2294398976,21," 48,204 ",RUULDRDRUULLDRRDLLUU,1.0639986992, 20 ,25212,0.2311159808," 25,212 "," 26,292 ",0.4760229588," 25,212 ","2,3,4,1,6,5,0,7,8",113
22,0.4498653184,23," 79,952 ",URURDDLURDLLURULDRDLUU,1.6349048615, 22 ,24586,0.2307375104," 24,586 "," 25,610 ",0.4819991589," 24,586 ","1,8,6,4,7,2,0,5,3",114
22,0.4498653184,23," 72,356 ",DDLUULDRURDDLLUURDDLUU,1.5142593384, 22 ,24458,0.2307375104," 24,458 "," 25,469 ",0.4829998016," 24,458 ","1,7,0,6,8,3,4,5,2",115
25,0.4508385280,26," 146,289 ",URDLDRRULULDDRRULULDRDLUU,2.9518966675, 25 ,23499,0.2300887040," 23,499 "," 24,445 ",0.4999995232," 23,499 ","8,6,2,0,5,4,1,3,7",116
19,0.2271150080,20," 35,363 ",DRDLUURDDLLURRDLUUL,0.8561697006, 19 ,24615,0.2307915776," 24,615 "," 25,655 ",0.5020003319," 24,615 ","1,0,4,6,3,5,8,7,2",117
18,0.2239250432,19," 26,167 ",RRDLULDDRRULURDLLU,0.5959997177, 18 ,26336,0.2317647872," 26,336 "," 27,516 ",0.5090007782," 26,336 ","0,5,2,3,8,1,4,6,7",118
20,0.2294398976,21," 52,015 ",RDRDLURULDLDRRUULDLU,1.1380443573, 20 ,24632,0.2307375104," 24,632 "," 25,658 ",0.5121753216," 24,632 ","0,3,8,1,5,6,4,7,2",119
19,0.2273312768,20," 35,126 ",DLURULDRDLLUURDDLUU,0.8379993439, 19 ,25355,0.2312781824," 25,355 "," 26,445 ",0.5226156712," 25,355 ","6,2,1,7,8,0,4,5,3",120
20,0.2294398976,21," 46,601 ",ULLDRUULDRURDDLURULL,1.0381412506, 20 ,26380,0.2319269888," 26,380 "," 27,539 ",0.5269982815," 26,380 ","7,3,2,8,5,4,1,6,0",121
22,0.4498112512,23," 75,916 ",DDRURDLLUURDDRULLDRULU,1.5861306190, 22 ,27656,0.2325217280," 27,656 "," 28,996 ",0.5382361412," 27,656 ","0,3,2,7,6,1,4,5,8",122
24,0.4499193856,25," 117,921 ",DDLUURDLDRULLDRULURDDLUU,2.3060915470, 24 ,27244,0.2323595264," 27,244 "," 28,500 ",0.5531811714," 27,244 ","6,8,0,4,5,3,1,7,2",123
22,0.4498112512,23," 87,395 ",RUULDRRULDDRUULLDRRULL,1.7569997311, 22 ,28338,0.2329001984," 28,338 "," 29,745 ",0.5549991131," 28,338 ","4,1,8,2,3,5,0,6,7",124
24,0.4506763264,25," 131,769 ",URDDLUULDDRULURDRULDDLUU,2.5834560394, 24 ,26710,0.2320891904," 26,710 "," 27,891 ",0.5569984913," 26,710 ","3,7,4,6,0,5,2,8,1",125
18,0.2237628416,19," 23,707 ",RUURDLLDRRUULDRULL,0.3870005608, 18 ,19992,0.2279260160," 19,992 "," 20,701 ",0.5630862713," 19,992 ","1,8,5,2,6,4,0,3,7",126
19,0.2272772096,20," 34,370 ",DLULURRDLLURDDRUULL,0.5739989281, 19 ,31957,0.2351169536," 31,957 "," 33,697 ",0.5640816689," 31,957 ","2,3,1,8,4,0,6,7,5",127
26,0.4499193856,27," 159,688 ",UULLDDRUULDDRRULULDDRRUULL,3.2779965401, 26 ,27196,0.2323595264," 27,196 "," 28,419 ",0.5785391331," 27,196 ","8,5,7,4,3,6,2,1,0",128
27,0.8668184576,28," 171,845 ",DDLUURRDLDRULURDDLULDRRULLU,3.3350577354, 27 ,27005,0.2322513920," 27,005 "," 28,211 ",0.5830190182," 27,005 ","5,0,6,4,3,1,2,8,7",129
20,0.2294398976,21," 42,018 ",URULDDRRUULDDRULDLUU,1.1501643658, 20 ,28930,0.2332786688," 28,930 "," 30,409 ",0.5939979553," 28,930 ","2,1,8,6,3,4,0,7,5",130
21,0.4478648320,22," 75,497 ",LDRUULDLDRULURDLDRUUL,1.5436427593, 21 ,26457,0.2319269888," 26,457 "," 27,624 ",0.5940003395," 26,457 ","7,2,5,6,8,0,4,1,3",131
19,0.2273853440,20," 38,895 ",LDLUURDDLURRULLDRUL,0.8289985657, 19 ,29861,0.2339274752," 29,861 "," 31,325 ",0.5951008797," 29,861 ","6,4,5,7,3,0,1,2,8",132
25,0.4508385280,26," 156,791 ",RULDRRULDRDLULDRULURRDLLU,3.0205667019, 25 ,27725,0.2326298624," 27,725 "," 29,074 ",0.6041700840," 27,725 ","1,7,6,0,4,3,5,8,2",133
23,0.4508385280,24," 103,642 ",DDRUULLDRDLURRULDRDLLUU,2.1820006371, 23 ,30395,0.2342518784," 30,395 "," 31,923 ",0.6109976768," 30,395 ","2,0,1,3,4,5,8,7,6",134
25,0.4508385280,26," 160,581 ",LLDRUULDRRULDRDLLURRDLULU,3.6410675049, 25 ,29233,0.2335490048," 29,233 "," 30,634 ",0.6219959259," 29,233 ","2,6,4,5,1,0,3,8,7",135
22,0.4498112512,23," 72,806 ",UURDDLURRDLLUURDRDLULU,1.5952455997, 22 ,32176,0.2351710208," 32,176 "," 34,082 ",0.6260762215," 32,176 ","8,4,2,5,3,1,0,6,7",136
8,0.0010403840,9, 194 ,DLDRUULL,0.0029985905, 8 ,20540,0.2282504192," 20,540 "," 21,290 ",0.6303632259," 20,540 ","1,2,0,3,8,5,6,4,7",137
18,0.2239250432,19," 25,527 ",LLDDRUULDDRUURDLLU,0.5053517818, 18 ,31486,0.2347925504," 31,486 "," 33,260 ",0.6359987259," 31,486 ","7,1,0,5,6,2,3,4,8",138
25,0.4508385280,26," 159,186 ",RUULDLDRURDLURULLDDRURULL,3.1735565662, 25 ,35835,0.2372796416," 35,835 "," 38,231 ",0.6402356625," 35,835 ","2,4,6,8,5,7,1,0,3",139
25,0.4508385280,26," 151,744 ",DLUURDDLULURDRDLLURDRULLU,2.9709088802, 25 ,30593,0.2343600128," 30,593 "," 32,155 ",0.6454958916," 30,593 ","6,7,3,1,8,0,5,4,2",140
26,0.4499193856,27," 164,985 ",ULLURDDLURRULDRDLLURRDLLUU,3.3852355480, 26 ,30024,0.2340356096," 30,024 "," 31,504 ",0.6460602283," 30,024 ","8,3,6,2,1,4,5,7,0",141
21,0.2332786688,22," 61,785 ",URDRDLURULDLURDRULDLU,1.2560007572, 21 ,31933,0.2350628864," 31,933 "," 33,777 ",0.6607375145," 31,933 ","2,4,1,0,5,7,6,8,3",142
24,0.4499193856,25," 122,429 ",UURRDLDRUULDLURDDRUULDLU,2.5950624943, 24 ,33292,0.2358198272," 33,292 "," 35,362 ",0.6669986248," 33,292 ","2,4,5,6,7,8,0,3,1",143
17,0.2219245568,18," 18,030 ",LDLUURDRULDRDLUUL,0.2930116653, 17 ,18495,0.2270068736," 18,495 "," 19,133 ",0.6679997444," 18,495 ","3,1,7,6,4,0,8,2,5",144
23,0.4508385280,24," 108,400 ",DLDRUULDRURDLULDDRURULL,2.4231238365, 23 ,33721,0.2360901632," 33,721 "," 35,743 ",0.6690001488," 33,721 ","4,0,7,6,1,5,2,3,8",145
26,0.8671428608,27," 169,690 ",LLUURRDLLURDDLUURDDRULDLUU,3.3564059734, 26 ,33068,0.2357657600," 33,068 "," 34,965 ",0.6809997559," 33,068 ","3,7,6,5,8,2,1,4,0",146
25,0.4508385280,26," 157,978 ",LURRULDRDLURULLDDRUURDLLU,3.1187894344, 25 ,34189,0.2363604992," 34,189 "," 36,257 ",0.7040753365," 34,189 ","5,2,6,4,3,1,8,0,7",147
22,0.4498112512,23," 73,197 ",UULDDRULULDDRULURRDLLU,1.6693274975, 22 ,33870,0.2361982976," 33,870 "," 35,902 ",0.7070007324," 33,870 ","3,1,8,4,7,6,5,2,0",148
28,0.8671428608,29," 177,098 ",UURDDRUULDLDRULURDRDLLURRULL,3.5079033375, 28 ,33204,0.2357657600," 33,204 "," 35,270 ",0.7101869583," 33,204 ","8,6,3,2,5,4,0,1,7",149
26,0.8684945408,27," 164,319 ",ULDRURDLDLUURDDLUURRDLDLUU,3.3402628899, 26 ,34194,0.2363604992," 34,194 "," 36,265 ",0.7179982662," 34,194 ","2,4,6,7,0,1,5,3,8",150
21,0.4478648320,22," 71,040 ",LULDDRULDRRUULDRDLUUL,1.6841471195, 21 ,34365,0.2364686336," 34,365 "," 36,482 ",0.7249987125," 34,365 ","2,6,7,1,5,0,4,3,8",151
25,0.4508385280,26," 156,746 ",LULDRURDLULDDRULDRRULDLUU,3.0839984417, 25 ,34855,0.2367389696," 34,855 "," 37,083 ",0.7270929813," 34,855 ","8,3,7,1,2,0,5,6,4",152
22,0.4498653184,23," 82,631 ",DRDRUULDLURDRULDDRULUL,1.6750614643, 22 ,34250,0.2363604992," 34,250 "," 36,452 ",0.7292470932," 34,250 ","0,8,4,3,2,7,6,1,5",153
27,0.8668725248,28," 177,453 ",LURURDDLLUURRDLLURRDLDRULLU,3.4903061390, 27 ,35041,0.2368471040," 35,041 "," 37,289 ",0.7490892410," 35,041 ","8,2,4,5,6,3,7,0,1",154
24,0.4506763264,25," 144,982 ",LDRURULLDDRRUULDDLURRULL,2.9336576462, 24 ,36912,0.2378203136," 36,912 "," 39,503 ",0.7549974918," 36,912 ","5,4,8,7,0,2,1,6,3",155
17,0.2220326912,18," 18,883 ",RUULLDRURDLDRUULL,0.3029985428, 17 ,29629,0.2338193408," 29,629 "," 31,086 ",0.7550001144," 29,629 ","8,2,5,1,3,7,6,0,4",156
19,0.2272772096,20," 35,141 ",DLURULDRDLLUURRDLLU,0.5920000076, 19 ,26707,0.2320891904," 26,707 "," 27,886 ",0.7649955750," 26,707 ","4,1,5,6,8,0,7,2,3",157
21,0.4479188992,22," 67,120 ",URULDRDLULDRULURRDLLU,1.3001132011, 21 ,37341,0.2380906496," 37,341 "," 40,018 ",0.7670350075," 37,341 ","4,1,6,7,8,3,5,0,2",158
24,0.4499193856,25," 120,608 ",DDRURDLULDRUURDDLUURDLLU,2.4247846603, 24 ,38102,0.2384691200," 38,102 "," 41,066 ",0.7680306435," 38,102 ","0,7,5,3,2,6,8,4,1",159
21,0.2332786688,22," 61,607 ",DDRULLURDLDRURDLURULL,1.3743569851, 21 ,37811,0.2383069184," 37,811 "," 40,595 ",0.7739987373," 37,811 ","8,0,5,2,1,4,3,7,6",160
22,0.4498653184,23," 84,130 ",ULLURDLDRULURDLDRRULLU,1.7150001526, 22 ,36222,0.2374959104," 36,222 "," 38,673 ",0.7851824760," 36,222 ","6,5,2,3,8,7,1,4,0",161
22,0.4498653184,23," 89,066 ",LUURDLLDRRUULDLURRDLUL,1.8300960064, 22 ,40032,0.2394963968," 40,032 "," 43,281 ",0.7870008945," 40,032 ","3,8,4,1,6,2,5,7,0",162
19,0.2268446720,20," 30,859 ",DDRULURDLDRULLDRUUL,0.8730225563, 19 ,36383,0.2375499776," 36,383 "," 38,869 ",0.7887406349," 36,383 ","1,0,4,7,8,6,3,2,5",163
22,0.4498653184,23," 93,763 ",LLDDRRUULDDRUULDLDRUUL,1.9290955067, 22 ,36266,0.2374418432," 36,266 "," 38,707 ",0.7899987698," 36,266 ","5,8,0,1,2,6,7,3,4",164
26,0.4499193856,27," 157,934 ",UULDLURDLDRRUULDDLURDRUULL,3.1035308838, 26 ,39230,0.2391179264," 39,230 "," 42,352 ",0.7980785370," 39,230 ","2,8,7,5,1,3,6,4,0",165
21,0.4478648320,22," 73,435 ",RURDLDRUULDDRULLDRULU,1.4599463940, 21 ,39179,0.2390638592," 39,179 "," 42,272 ",0.8100211620," 39,179 ","3,6,2,0,7,8,4,1,5",166
25,0.4508385280,26," 144,959 ",UULDRRULLDDRUURDLLURRDLUL,2.8372683525, 25 ,40443,0.2397126656," 40,443 "," 43,800 ",0.8149988651," 40,443 ","1,3,4,2,6,7,5,0,8",167
20,0.2294398976,21," 54,765 ",LLURRDLLURURDLDRUULL,1.2371954918, 20 ,37512,0.2381447168," 37,512 "," 40,224 ",0.8170630932," 37,512 ","1,8,2,4,6,3,7,5,0",168
17,0.2221408256,18," 19,690 ",LLDRURDLULURRDLUL,0.6334178448, 17 ,38915,0.2389016576," 38,915 "," 41,985 ",0.8179996014," 38,915 ","3,1,4,8,7,0,5,6,2",169
27,0.8668725248,28," 171,356 ",UULDDRULURDRULDRDLUULDDRULU,3.4973423481, 27 ,39131,0.2390638592," 39,131 "," 42,242 ",0.8251366615," 39,131 ","1,8,6,3,4,7,2,0,5",170
21,0.4479188992,22," 74,181 ",LURRDLUURDDLLURRDLUUL,1.5621035099, 21 ,38597,0.2387394560," 38,597 "," 41,598 ",0.8252933025," 38,597 ","1,3,4,8,6,5,7,0,2",171
25,0.4508385280,26," 160,439 ",RRULLDRRDLUURDDLLURDRULLU,3.3322110176, 25 ,39935,0.2394423296," 39,935 "," 43,217 ",0.8291170597," 39,935 ","4,1,7,0,3,6,5,8,2",172
23,0.4508385280,24," 112,244 ",URULLDRDLURULDDRURULDLU,2.2174091339, 23 ,42197,0.2406318080," 42,197 "," 45,962 ",0.8330004215," 42,197 ","7,5,1,2,3,4,6,0,8",173
23,0.4508385280,24," 121,491 ",LDRULLDRRUULDDRULLDRUUL,2.3900537491, 23 ,41715,0.2403614720," 41,715 "," 45,399 ",0.8385117054," 41,715 ","1,2,8,4,5,0,7,6,3",174
21,0.4478648320,22," 72,053 ",LDRURDDLLUURDRULDDLUU,1.5343909264, 21 ,39905,0.2394423296," 39,905 "," 43,122 ",0.8394861221," 39,905 ","2,0,3,6,7,5,4,8,1",175
26,0.4499193856,27," 161,707 ",URULDRDRUULDDRULDLUURRDLLU,3.1211361885, 26 ,40588,0.2398208000," 40,588 "," 44,111 ",0.8399991989," 40,588 ","1,6,8,7,4,5,0,3,2",176
26,0.8684945408,27," 173,875 ",RDLULDRULURRDLULDRURDDLLUU,3.4736154079, 26 ,39914,0.2394423296," 39,914 "," 43,139 ",0.8407347202," 39,914 ","3,4,6,8,0,7,2,5,1",177
22,0.4498653184,23," 75,187 ",UURDRULLDDRUULDDRURULL,1.6225790977, 22 ,39750,0.2393882624," 39,750 "," 43,069 ",0.8422210217," 39,750 ","2,7,4,1,5,6,0,3,8",178
16,0.0579977216,17," 9,107 ",DRDRULLDRUULDRUL,0.1459991932, 16 ,35026,0.2367930368," 35,026 "," 37,382 ",0.8461275101," 35,026 ","0,3,2,4,7,8,1,5,6",179
26,0.4499193856,27," 161,546 ",URULDRDLUURDRDLLUURDRDLLUU,3.2226865292, 26 ,40724,0.2398748672," 40,724 "," 44,285 ",0.8591907024," 40,724 ","6,8,2,5,7,1,0,3,4",180
19,0.2269528064,20," 31,267 ",ULDRDLURULLDRRDLUUL,0.8584218025, 19 ,40189,0.2396045312," 40,189 "," 43,465 ",0.8599989414," 40,189 ","4,7,8,1,2,0,6,5,3",181
22,0.4498112512,23," 82,393 ",URDRUULDDLUURDLDRRULLU,1.7081034184, 22 ,40046,0.2394963968," 40,046 "," 43,430 ",0.8609988689," 40,046 ","5,2,8,6,4,7,0,3,1",182
26,0.4507303936,27," 162,657 ",ULDDRUURDDLURDLLURULDDRULU,3.4142165184, 26 ,41294,0.2401452032," 41,294 "," 44,872 ",0.8611838818," 41,294 ","8,5,7,1,0,2,4,6,3",183
18,0.2233303040,19," 20,427 ",DRURDLDRULURDLDLUU,0.4499993324, 18 ,41734,0.2404155392," 41,734 "," 45,571 ",0.8640439510," 41,734 ","0,8,5,3,6,1,7,2,4",184
20,0.2307375104,21," 55,803 ",LURDDLUURDDLURRDLULU,1.2692804337, 20 ,42420,0.2407399424," 42,420 "," 46,241 ",0.8669998646," 42,420 ","8,6,2,3,0,7,4,1,5",185
26,0.4499193856,27," 160,898 ",UULLDRRULLDRRDLLURRDLURULL,3.2341980934, 26 ,42272,0.2406318080," 42,272 "," 46,053 ",0.8745398521," 42,272 ","5,3,6,2,1,7,8,4,0",186
22,0.4498653184,23," 86,813 ",RDDLUURRDDLLUURDRULDLU,1.9096155167, 22 ,42260,0.2406858752," 42,260 "," 46,270 ",0.8959965706," 42,260 ","0,6,3,7,4,5,8,2,1",187
26,0.4499193856,27," 161,320 ",DRULDDRURDLUURDLULDRDLURUL,3.2270867825, 26 ,43210,0.2411724800," 43,210 "," 47,548 ",0.8979988098," 43,210 ","0,8,6,5,4,3,1,7,2",188
19,0.2273312768,20," 36,439 ",DLLURRULDDRUULDDLUU,0.8520181179, 19 ,41063,0.2400370688," 41,063 "," 44,586 ",0.9050893784," 41,063 ","3,5,8,7,6,0,1,4,2",189
22,0.4507303936,23," 100,317 ",LURRDLLURDLDRRULLDRUUL,2.1199975014, 22 ,41970,0.2405236736," 41,970 "," 45,696 ",0.9109995365," 41,970 ","4,5,1,8,0,2,7,3,6",190
24,0.4499193856,25," 128,413 ",URDRUULLDDRUURDLLDRRULLU,2.6621685028, 24 ,44492,0.2418212864," 44,493 "," 49,288 ",0.9114398956," 44,492 ","8,1,2,5,3,7,0,6,4",191
22,0.4498112512,23," 73,275 ",DDLUURDLULDRURDLDRULUL,1.5700016022, 22 ,43270,0.2411724800," 43,270 "," 47,276 ",0.9130001068," 43,270 ","8,2,0,1,5,3,6,7,4",192
23,0.4508385280,24," 112,268 ",DRURULLDDRURULDLDRRUULL,2.2092983723, 23 ,45665,0.2423619584," 45,665 "," 50,607 ",0.9139978886," 45,665 ","5,8,2,0,3,6,1,4,7",193
25,0.4508385280,26," 160,503 ",LLDRUULDDRUURDLDRULLDRUUL,3.1130845547, 25 ,43949,0.2415509504," 43,949 "," 48,153 ",0.9139995575," 43,949 ","8,5,4,3,2,0,1,7,6",194
24,0.4499193856,25," 124,879 ",DRURDDLUULDRURDDLLUURDLU,2.5381071568, 24 ,45204,0.2421997568," 45,204 "," 50,232 ",0.9169986248," 45,204 ","0,8,6,1,4,3,7,5,2",195
20,0.2307915776,21," 53,819 ",DRUULDLURDRULDDRULUL,1.1489675045, 20 ,45428,0.2423078912," 45,428 "," 50,030 ",0.9285113811," 45,428 ","3,8,4,2,0,7,6,1,5",196
21,0.4479188992,22," 73,786 ",LURRULDRDLLURRULLDRUL,1.4530963898, 21 ,44745,0.2419294208," 44,745 "," 49,159 ",0.9311513901," 44,745 ","4,5,1,7,6,2,8,0,3",197
22,0.4498112512,23," 83,451 ",DLDRULLURRDDLUURDDLULU,1.7820899487, 22 ,43388,0.2412265472," 43,388 "," 47,447 ",0.9330878258," 43,388 ","4,3,0,8,2,7,6,1,5",198
25,0.4508385280,26," 150,699 ",ULDRUULDRRDLLURURDLDRUULL,3.0100831985, 25 ,45499,0.2423078912," 45,499 "," 50,146 ",0.9370005131," 45,499 ","8,6,2,7,4,3,1,0,5",199
20,0.2294398976,21," 52,997 ",RRDDLURULDLURRDLDLUU,1.1389989853, 20 ,44126,0.2416590848," 44,126 "," 48,727 ",0.9379997253," 44,126 ","0,6,1,5,4,2,7,8,3",200
24,0.4499193856,25," 136,001 ",LDLDRULURDRDLURULLDRRULL,2.6632158756, 24 ,46512,0.2427944960," 46,512 "," 51,506 ",0.9409990311," 46,512 ","1,4,0,8,2,7,5,6,3",201
21,0.2332786688,22," 63,654 ",ULURRDDLULDRULURDRULL,1.3000371456, 21 ,45985,0.2425782272," 45,985 "," 50,789 ",0.9510951042," 45,985 ","7,3,1,6,8,5,2,0,4",202
18,0.2238709760,19," 25,000 ",LDRULLDRRULLDDRULU,0.4100704193, 18 ,34036,0.2361982976," 34,036 "," 36,162 ",0.9570202827," 34,036 ","2,7,0,1,5,3,4,6,8",203
20,0.2307375104,21," 49,774 ",URDLDLURULDDRRULDLUU,1.1300661564, 20 ,44756,0.2419294208," 44,756 "," 49,173 ",0.9571206570," 44,756 ","1,8,5,6,0,2,7,3,4",204
21,0.4478648320,22," 68,916 ",DRRUULDDRUULLDRDRUULL,1.5191187859, 21 ,46381,0.2427404288," 46,381 "," 51,556 ",0.9590792656," 46,381 ","2,8,7,0,5,4,1,6,3",205
22,0.4498653184,23," 76,900 ",UULLDRURDLULDDRUULDRUL,1.5791158676, 22 ,46158,0.2426863616," 46,158 "," 51,032 ",0.9669997692," 46,158 ","5,7,2,3,4,8,1,6,0",206
26,0.8671428608,27," 166,605 ",RUULDRURDDLUULDRRULDRDLLUU,3.3290259838, 26 ,45854,0.2425241600," 45,854 "," 51,140 ",0.9683847427," 45,854 ","8,3,6,2,5,4,0,7,1",207
22,0.4498653184,23," 95,377 ",RRDLLURRDDLUURDLLDRUUL,2.0171837807, 22 ,45326,0.2422538240," 45,326 "," 50,403 ",0.9760782719," 45,326 ","0,7,1,6,4,5,3,8,2",208
23,0.4508385280,24," 118,789 ",LURRULDRDLULURRDDLLURUL,2.2900013924, 23 ,44295,0.2417131520," 44,299 "," 48,608 ",0.9789972305," 44,295 ","6,4,8,7,3,1,5,0,2",209
22,0.4498112512,23," 93,046 ",RRUULDDLURRDLLURDRULUL,1.8552155495, 22 ,44800,0.2419834880," 44,800 "," 49,714 ",0.9822945595," 44,800 ","1,2,3,5,4,8,0,7,6",210
20,0.2292776960,21," 38,337 ",UURDDLURRDLLURDRULUL,0.8763203621, 20 ,46836,0.2429566976," 46,836 "," 52,436 ",0.9851067066," 46,836 ","5,1,2,7,4,3,0,6,8",211
18,0.2237628416,19," 23,942 ",RDLURRDLLURRDDLULU,0.5009953976, 18 ,45212,0.2421997568," 45,212 "," 50,240 ",0.9881210327," 45,212 ","0,7,3,2,4,1,6,8,5",212
22,0.4498112512,23," 80,727 ",URURDLDLURULDRRULDDLUU,1.7190911770, 22 ,47342,0.2432270336," 47,342 "," 53,092 ",0.9901511669," 47,342 ","2,1,6,4,7,5,0,3,8",213
24,0.4499193856,25," 135,175 ",LULURRDDLUURDDLULURDRULL,2.7342603207, 24 ,48336,0.4584620032," 48,336 "," 54,006 ",0.9960012436," 48,336 ","2,3,7,8,4,1,6,5,0",214
18,0.2234925056,19," 21,978 ",ULLURRDLDLUURDDLUU,0.5161156654, 18 ,45968,0.2425782272," 45,968 "," 50,771 ",1.0019996166," 45,968 ","7,6,3,5,2,8,4,1,0",215
22,0.4498653184,23," 86,637 ",RDDLUURDRULLDRDLUURDLU,1.8381848335, 22 ,47258,0.2431729664," 47,258 "," 52,990 ",1.0049996376," 47,258 ","0,4,5,7,3,6,1,2,8",216
14,0.0151371776,15," 2,988 ",DDRULURDRDLLUU,0.0479996204, 14 ,43252,0.2412265472," 43,252 "," 47,610 ",1.0173904896," 43,252 ","0,3,2,6,8,4,1,7,5",217
26,0.4499193856,27," 163,175 ",ULURDLLDRULURDLDRULURRDLUL,3.1841533184, 26 ,48738,0.4586782720," 48,738 "," 54,566 ",1.0242986679," 48,738 ","7,2,3,6,4,8,1,5,0",218
20,0.2294398976,21," 41,473 ",UURRDLLURRDDLULDRUUL,1.0279355049, 20 ,48274,0.4584079360," 48,274 "," 54,337 ",1.0250203609," 48,274 ","6,7,1,3,2,4,0,8,5",219
23,0.4508385280,24," 104,165 ",ULDRULLDDRRULULDRDLURUL,2.1961786747, 23 ,47501,0.2433351680," 47,501 "," 52,847 ",1.0280873775," 47,501 ","6,8,5,4,2,0,1,7,3",220
21,0.4478648320,22," 78,225 ",RDLLURDLDRRULLURDDLUU,1.6089994907, 21 ,48765,0.4586782720," 48,765 "," 54,606 ",1.0320200920," 48,765 ","5,0,6,3,8,2,1,7,4",221
18,0.2231681024,19," 19,201 ",DDRRULDLURULDRDLUU,0.5449984074, 18 ,49018,0.4587323392," 49,018 "," 55,363 ",1.0395817757," 49,018 ","0,6,2,1,5,8,7,4,3",222
23,0.4508385280,24," 119,617 ",RDLURULDRRULLDRDRULDLUU,2.4201209545, 23 ,46893,0.2429566976," 46,893 "," 52,222 ",1.0421404839," 46,893 ","2,3,8,0,7,6,5,1,4",223
17,0.0601063424,18," 13,131 ",DDLURDRULULDDRULU,0.2196595669, 17 ,38443,0.2386313216," 38,443 "," 41,407 ",1.0510008335," 38,443 ","1,0,2,4,7,8,5,3,6",224
24,0.4499193856,25," 117,481 ",UULDDRUULDLDRRUULDLDRUUL,2.4220685959, 24 ,47382,0.2432811008," 47,382 "," 52,674 ",1.0550003052," 47,382 ","1,8,6,4,5,3,7,2,0",225
21,0.4478648320,22," 71,497 ",LUURRDLDLUURRDDLLURUL,1.5083928108, 21 ,47611,0.2433892352," 47,611 "," 53,007 ",1.0609998703," 47,611 ","7,6,1,8,2,4,3,0,5",226
22,0.4507303936,23," 105,170 ",RDLUURDLULDDRULURDRULL,2.1740221977, 22 ,49486,0.4590567424," 49,486 "," 55,605 ",1.0630133152," 49,486 ","1,4,7,3,0,6,2,8,5",227
16,0.0585924608,17," 11,740 ",RRULLDRRULULDRUL,0.3859994411, 16 ,49284,0.4588945408," 49,284 "," 55,778 ",1.0649995804," 49,284 ","4,3,2,5,8,7,0,1,6",228
25,0.4508385280,26," 151,496 ",DLUULDRRDLLUURDLURRDLDLUU,3.0929982662, 25 ,51491,0.4599218176," 51,491 "," 58,605 ",1.0701813698," 51,491 ","6,7,1,5,8,0,4,2,3",229
21,0.4478648320,22," 78,063 ",RDLLURDDLURRULLDRDLUU,1.7285673618, 21 ,50013,0.4592730112," 50,013 "," 56,380 ",1.0701930523," 50,013 ","7,0,1,2,6,5,4,3,8",230
15,0.0572948480,16," 8,212 ",RDLDRUULDRDLULU,0.1329987049, 15 ,37661,0.2382528512," 37,661 "," 40,404 ",1.0726337433," 37,661 ","3,0,2,4,5,7,6,1,8",231
16,0.0583221248,17," 10,565 ",LULDRURDLUURDLLU,0.1699993610, 16 ,37962,0.2384150528," 37,962 "," 40,795 ",1.0733873844," 37,962 ","3,5,1,8,6,7,4,2,0",232
18,0.2238709760,19," 25,106 ",RDRDLUURDLLDRRULUL,0.4009990692, 18 ,45250,0.2421997568," 45,250 "," 50,296 ",1.0811328888," 45,250 ","0,1,4,5,8,6,3,7,2",233
24,0.4499193856,25," 138,316 ",RRDDLULDRURULDLURDRDLLUU,2.7820572853, 24 ,50832,0.4596514816," 50,832 "," 58,101 ",1.0829989910," 50,832 ","0,6,2,8,7,4,1,5,3",234
16,0.0576733184,17," 7,559 ",UULDLURDRDLURULL,0.1230001450, 16 ,41770,0.2404155392," 41,770 "," 45,462 ",1.0849990845," 41,770 ","3,5,7,2,1,4,6,8,0",235
18,0.2239250432,19," 25,893 ",RRUULDRDLULDRRUULL,0.7315092087, 18 ,50224,0.4593270784," 50,224 "," 57,170 ",1.0871951580," 50,224 ","1,5,6,4,2,8,0,3,7",236
26,0.4499193856,27," 160,403 ",UULLDRDLURULDDRURDLURULDLU,3.1711897850, 26 ,51160,0.4597596160," 51,160 "," 58,153 ",1.0881507397," 51,160 ","8,5,7,2,4,1,6,3,0",237
23,0.4508385280,24," 101,526 ",URDDRULLDRULURRDLULDRUL,2.0509221554, 23 ,50687,0.4595433472," 50,687 "," 57,518 ",1.0920827389," 50,687 ","7,1,3,0,4,8,5,2,6",238
22,0.4498653184,23," 89,645 ",RDLDRUULDRURDDLUURDLUL,1.8820819855, 22 ,50494,0.4594352128," 50,494 "," 57,597 ",1.0960147381," 50,494 ","0,7,5,8,3,4,1,6,2",239
18,0.2237628416,19," 23,892 ",LDLURDLDRURULLDRUL,0.6329982281, 18 ,49658,0.4590026752," 49,658 "," 55,850 ",1.0972874165," 49,658 ","7,5,0,2,4,3,1,6,8",240
24,0.4499193856,25," 124,906 ",DRURDDLUULDRRULDDRULDLUU,2.6681284904, 24 ,47486,0.2432811008," 47,486 "," 53,297 ",1.1093318462," 47,486 ","0,5,6,2,3,8,7,4,1",241
22,0.4498112512,23," 74,157 ",DDRULURDRDLLURRDLLURUL,1.6970653534, 22 ,51738,0.4600299520," 51,738 "," 59,564 ",1.1201963425," 51,738 ","0,1,2,7,5,6,4,8,3",242
24,0.4499193856,25," 133,647 ",RDDRUULDLDRRUULDLDRRUULL,2.8782393932, 24 ,49318,0.4588945408," 49,318 "," 55,821 ",1.1225106716," 49,318 ","0,1,7,2,8,6,4,5,3",243
21,0.2332786688,22," 58,591 ",URDDRUULDRULLDRDLURUL,1.2959978580, 21 ,51865,0.4600840192," 51,865 "," 59,304 ",1.1264054775," 51,865 ","1,4,6,0,5,8,7,2,3",244
23,0.4508385280,24," 102,704 ",DDRUULDDRUULLDRDLUURDLU,2.0674152374, 23 ,51303,0.4598136832," 51,303 "," 58,344 ",1.1300187111," 51,303 ","3,0,8,4,5,1,7,2,6",245
26,0.4499193856,27," 158,004 ",UURDLDRULURRDDLUURDLLDRULU,3.1345283985, 26 ,53010,0.4606246912," 53,010 "," 61,452 ",1.1316349506," 53,010 ","8,7,5,6,3,1,0,4,2",246
26,0.4499193856,27," 163,489 ",URDLUURDRULLDRDLUURDRDLULU,3.3403863907, 26 ,52168,0.4602462208," 52,168 "," 60,178 ",1.1370334625," 52,168 ","4,3,7,1,8,6,0,2,5",247
24,0.4499193856,25," 129,261 ",DLDRULLDRRULURDLLDRRULUL,2.6299974918, 24 ,50104,0.4592189440," 50,105 "," 56,477 ",1.1392822266," 50,104 ","1,8,0,2,6,4,5,7,3",248
23,0.4508385280,24," 114,907 ",DRRULDLURDRUULLDRURDLUL,2.4525213242, 23 ,51143,0.4597596160," 51,143 "," 58,167 ",1.1441619396," 51,143 ","5,4,2,0,8,7,6,3,1",249
19,0.2272231424,20," 34,353 ",DRULURRDLDRUULDRULL,0.8694489002, 19 ,51451,0.4598677504," 51,451 "," 58,698 ",1.1454935074," 51,451 ","3,1,5,0,2,4,8,6,7",250
18,0.2239250432,19," 25,594 ",LLUURDDLURRDLLURUL,0.6219987869, 18 ,53158,0.4606787584," 53,158 "," 61,177 ",1.1557183266," 53,158 ","7,1,2,8,4,3,6,5,0",251
26,0.8684945408,27," 165,334 ",ULDRRULDLURDLDRURDLULDRUUL,3.2871773243, 26 ,54422,0.4612194304," 54,426 "," 63,214 ",1.1630456448," 54,422 ","2,4,6,8,0,1,7,3,5",252
24,0.4506763264,25," 140,334 ",DRUULLDDRRULULDDRUURDLUL,2.7461981773, 24 ,50584,0.4594892800," 50,584 "," 57,266 ",1.1689991951," 50,584 ","7,4,8,5,0,6,1,2,3",253
14,0.0152453120,15," 3,329 ",ULULDRRULLDRUL,0.1089994907, 14 ,52426,0.4603543552," 52,426 "," 60,031 ",1.1690800190," 52,426 ","2,1,5,4,3,8,6,7,0",254
26,0.8684404736,27," 170,444 ",DRUULDDLURRDLLURRULLDRDLUU,3.5432527065, 26 ,54460,0.4612194304," 54,460 "," 63,320 ",1.1730000973," 54,460 ","1,5,3,4,0,6,8,2,7",255
24,0.4499193856,25," 125,347 ",ULURDDLULURDRDLLUURRDLLU,2.5040707588, 24 ,55284,0.4615979008," 55,284 "," 64,752 ",1.1740691662," 55,284 ","6,8,4,3,1,5,7,2,0",256
23,0.4508385280,24," 115,317 ",DLLURRDLLUURDLDRURDLLUU,2.3351271152, 23 ,51747,0.4600299520," 51,747 "," 59,036 ",1.1749987602," 51,747 ","8,3,2,7,6,0,5,4,1",257
20,0.2294398976,21," 43,744 ",URURDLLURRDDLLURRULL,1.0141267776, 20 ,51370,0.4598677504," 51,370 "," 59,016 ",1.1781222820," 51,370 ","6,5,1,7,3,2,0,8,4",258
25,0.4508385280,26," 142,337 ",URDDLUURDLURRDLDRUULDRULL,2.9274888039, 25 ,55495,0.4617601024," 55,495 "," 65,083 ",1.1819989681," 55,495 ","6,8,5,0,3,4,2,1,7",259
25,0.4508385280,26," 144,543 ",UULDRDLURRDLLURRULLDRDLUU,3.0695314407, 25 ,51651,0.4599758848," 51,651 "," 58,866 ",1.1870229244," 51,651 ","2,4,5,1,7,3,8,0,6",260
23,0.4507844608,24," 106,739 ",DLURDRULDLDRRUULDLDRUUL,2.2413303852, 23 ,54065,0.4611112960," 54,065 "," 62,630 ",1.1892044544," 54,065 ","4,0,8,5,1,2,7,3,6",261
18,0.2245197824,19," 23,503 ",URDDLURULLDDRRULLU,0.3945422173, 18 ,42446,0.2407399424," 42,446 "," 46,272 ",1.1920225620," 42,446 ","1,6,2,3,0,8,4,7,5",262
23,0.4508385280,24," 123,199 ",RULLURRDDLULDRUULDRRULL,2.4252545834, 23 ,52833,0.4605165568," 52,835 "," 60,653 ",1.1957459450," 52,833 ","7,2,3,6,5,4,1,0,8",263
21,0.2332786688,22," 64,523 ",URRDLLDRRULDLUURDDLUU,1.4069986343, 21 ,54397,0.4612194304," 54,397 "," 63,227 ",1.1990001202," 54,397 ","5,6,3,0,8,2,7,4,1",264
22,0.4498653184,23," 75,354 ",UULDRULLDRURDDLURDLLUU,1.5510957241, 22 ,55386,0.4616519680," 55,386 "," 64,966 ",1.2010846138," 55,386 ","8,2,6,3,1,4,7,5,0",265
27,0.8668725248,28," 175,638 ",ULDRRUULDLURDRDLULDRURDLULU,3.6563889980, 27 ,55729,0.4618141696," 55,729 "," 65,656 ",1.2100005150," 55,729 ","8,2,6,3,4,7,1,0,5",266
12,0.0143802368,13," 1,843 ",RRULLDRRUULL,0.0289976597, 12 ,49276,0.4588945408," 49,276 "," 55,768 ",1.2109975815," 49,276 ","1,2,5,4,8,7,0,3,6",267
21,0.4479188992,22," 78,203 ",LLDRULURRDDLUULDDRUUL,1.5230023861, 21 ,55717,0.4618141696," 55,718 "," 65,643 ",1.2149984837," 55,717 ","1,4,7,8,2,0,6,3,5",268
24,0.4506763264,25," 130,929 ",ULDRRULDRDLLURRULDDRULUL,2.6254255772, 24 ,53144,0.4606787584," 53,144 "," 61,158 ",1.2208051682," 53,144 ","8,6,3,1,0,2,5,7,4",269
16,0.0584302592,17," 11,231 ",RRUULDRDLULDRULU,0.1820008755, 16 ,44786,0.2419834880," 44,786 "," 49,699 ",1.2257339954," 44,786 ","3,2,6,7,1,5,0,4,8",270
22,0.4507303936,23," 100,396 ",LURRDLLDRUULDRURDDLUUL,2.2104525566, 22 ,54802,0.4613816320," 54,802 "," 63,942 ",1.2299966812," 54,802 ","8,7,3,2,0,4,1,6,5",271
22,0.4498653184,23," 86,626 ",LDDLUURDLDRRULLURRDLLU,1.6975820065, 22 ,56080,0.4618682368," 56,080 "," 65,789 ",1.2300195694," 56,080 ","2,1,0,5,4,8,6,3,7",272
26,0.8684404736,27," 169,277 ",DLUURRDLLURDDLUURDRULDDLUU,3.5101478100, 26 ,57040,0.4623548416," 57,040 "," 67,969 ",1.2310965061," 57,040 ","3,7,6,4,0,5,2,1,8",273
26,0.4499193856,27," 165,028 ",DLLURDDRUULDDLURRDLLURRULL,3.4011912346, 26 ,56748,0.4621926400," 56,748 "," 67,044 ",1.2330641747," 56,748 ","7,1,0,5,4,3,8,2,6",274
19,0.2270068736,20," 33,387 ",ULDRURULLDRURDDLULU,0.5499980450, 19 ,47813,0.2434433024," 47,813 "," 53,251 ",1.2379980087," 47,813 ","7,1,2,8,6,4,3,0,5",275
24,0.4499193856,25," 118,847 ",DDLULURDRDLLURRDLURULDLU,2.3819990158, 24 ,54674,0.4612734976," 54,674 "," 63,483 ",1.2433512211," 54,674 ","6,3,0,2,1,5,8,7,4",276
21,0.4478648320,22," 73,982 ",LURRULLDRDRUULLDRRULL,1.5389997959, 21 ,54709,0.4613816320," 54,709 "," 63,802 ",1.2435119152," 54,709 ","5,4,8,6,2,1,3,0,7",277
8,0.0010403840,9, 173 ,DLULDRUL,0.0019998550, 8 ,48570,0.4585160704," 48,570 "," 54,326 ",1.2479996681," 48,570 ","4,3,0,1,5,2,6,7,8",278
22,0.4498653184,23," 92,654 ",RDRDLLUURRDLDRUULDDLUU,1.8049976826, 22 ,53428,0.4607868928," 53,428 "," 62,151 ",1.2490804195," 53,428 ","0,6,2,7,3,8,1,4,5",279
18,0.2250604544,19," 29,551 ",LDRURULLDDRRUULDLU,0.7119994164, 18 ,54706,0.4613816320," 54,706 "," 63,794 ",1.2499666214," 54,706 ","2,5,8,6,0,1,3,4,7",280
18,0.2232762368,19," 20,013 ",ULURDDLUULDDRRULLU,0.3309977055, 18 ,48444,0.4585160704," 48,444 "," 54,180 ",1.2510907650," 48,444 ","1,6,5,3,2,8,4,7,0",281
25,0.4508385280,26," 157,964 ",LURDLLURDDLURRULDRDLURULL,3.1313395500, 25 ,53681,0.4608950272," 53,681 "," 62,017 ",1.2595837116," 53,681 ","6,2,1,5,7,0,8,3,4",282
25,0.4508385280,26," 155,058 ",LUURDDLURDRULURDLLURDDLUU,3.0872080326, 25 ,57759,0.4626251776," 57,763 "," 69,316 ",1.2619981766," 57,759 ","7,6,3,2,5,8,1,0,4",283
26,0.4499193856,27," 162,092 ",DRURDDLUULDDRUULDRRDLLURUL,3.2542970181, 26 ,57914,0.4627873792," 57,914 "," 69,509 ",1.2680296898," 57,914 ","0,7,8,6,4,2,1,5,3",284
15,0.0569704448,16," 6,871 ",URDLLURDRUULDLU,0.1110000610, 15 ,42387,0.2406858752," 42,387 "," 46,201 ",1.2743272781," 42,387 ","3,2,5,6,7,4,1,0,8",285
22,0.4498112512,23," 85,234 ",ULLDRUULDRRDLUURDDLUUL,1.7143380642, 22 ,54836,0.4614356992," 54,836 "," 63,990 ",1.2771928310," 54,836 ","7,3,4,5,8,2,1,6,0",286
22,0.4507303936,23," 104,250 ",RULLDDRULDRRUULDDRULLU,2.1310207844, 22 ,57006,0.4623548416," 57,006 "," 67,884 ",1.2820012569," 57,006 ","2,8,7,3,0,6,1,4,5",287
28,0.8684404736,29," 180,270 ",DLURULDDRUURDDLUURDDLULDRUUL,3.5771653652, 28 ,57914,0.4627333120," 57,914 "," 69,575 ",1.2820687294," 57,914 ","8,5,6,7,0,4,3,1,2",288
23,0.4508385280,24," 102,581 ",DDRUULDDLURRDLUULDDRULU,2.0180559158, 23 ,57607,0.4625711104," 57,607 "," 69,040 ",1.2871029377," 57,607 ","1,0,6,4,2,5,8,7,3",289
24,0.4499193856,25," 128,785 ",URDRULURDLDLUURRDLLDRULU,2.6031765938, 24 ,55974,0.4619223040," 55,974 "," 66,226 ",1.2889974117," 55,974 ","7,2,3,6,4,8,0,1,5",290
15,0.0571867136,16," 7,722 ",RDDLUULDRDLURUL,0.1249983311, 15 ,48453,0.4585160704," 48,453 "," 54,192 ",1.2936980724," 48,453 ","4,0,6,1,3,2,7,8,5",291
27,0.8667103232,28," 175,336 ",DRUULDRURDDLUULDRRDLLURRULL,3.4973614216, 27 ,58813,0.4632199168," 58,813 "," 71,028 ",1.2963097095," 58,813 ","8,1,6,0,4,5,2,7,3",292
21,0.2332786688,22," 63,972 ",URRDLDRULLDRULURDRULL,1.4614889622, 21 ,56969,0.4624089088," 56,969 "," 67,740 ",1.2989993095," 56,969 ","7,3,1,0,8,5,2,4,6",293
24,0.4506763264,25," 131,963 ",URDDLUULDRRDLLURURDDLUUL,2.5962574482, 24 ,56568,0.4621926400," 56,568 "," 67,073 ",1.3100280762," 56,568 ","7,5,6,1,0,4,8,2,3",294
22,0.4498112512,23," 75,566 ",DDLURULDRDLLUURRDDLULU,1.4676346779, 22 ,56718,0.4621385728," 56,729 "," 67,006 ",1.3111150265," 56,718 ","4,1,0,6,5,7,8,2,3",295
20,0.2294398976,21," 43,123 ",ULURDDLURDLLURRDLLUU,1.1125113964, 20 ,57270,0.4624629760," 57,270 "," 68,410 ",1.3159992695," 57,270 ","3,5,1,7,2,6,8,4,0",296
12,0.0141639680,13," 1,145 ",UULDLURRDLUL,0.0189993382, 12 ,52434,0.4603543552," 52,434 "," 60,040 ",1.3165719509," 52,434 ","3,4,2,5,1,8,6,7,0",297
27,0.8667103232,28," 175,336 ",DRUULDRURDDLUULDRRDLLURRULL,3.5976243019, 27 ,58813,0.4632199168," 58,813 "," 71,028 ",1.3211603165," 58,813 ","8,1,6,0,4,5,2,7,3",298
24,0.4499193856,25," 136,417 ",LDLDRRUULDLDRURDLULDRULU,2.7761192322, 24 ,57252,0.4624089088," 57,252 "," 67,990 ",1.3211772442," 57,252 ","3,6,0,1,2,5,8,7,4",299
25,0.4507844608,26," 144,398 ",UULDRDLURURDDLURULLDRRULL,2.9905116558, 25 ,56885,0.4623007744," 56,891 "," 67,678 ",1.3281173706," 56,885 ","7,6,5,2,1,4,8,0,3",300
22,0.4498653184,23," 92,683 ",LDRDLLUURRDDLULURRDLLU,1.8595123291, 22 ,59528,0.4633821184," 59,528 "," 72,281 ",1.3354446888," 59,528 ","5,3,0,6,4,7,8,2,1",301
25,0.4508385280,26," 144,331 ",ULDDRULURDLLDRULURDLDRULU,2.8220963478, 25 ,56597,0.4621926400," 56,597 "," 67,127 ",1.3403768539," 56,597 ","7,3,8,6,5,0,1,2,4",302
22,0.4498112512,23," 83,761 ",DLLURDDLUURDDRUULDRULL,1.5669989586, 22 ,57528,0.4625170432," 57,528 "," 68,437 ",1.3409986496," 57,528 ","6,3,0,1,8,4,2,5,7",303
21,0.2332786688,22," 62,614 ",URRDDLULDRUULDDRURULL,1.2500000000, 21 ,58731,0.4631658496," 58,731 "," 70,837 ",1.3569982052," 58,731 ","6,2,7,0,3,5,1,8,4",304
29,0.8667103232,30," 180,649 ",ULDDRUULDLDRULURDLDRURDLURULL,3.5892529488, 29 ,59541,0.4634361856," 59,541 "," 72,860 ",1.3580009937," 59,541 ","8,7,4,6,5,0,2,1,3",305
24,0.4506763264,25," 133,691 ",URDLULDDRRULLURDLDRRUULL,2.5912058353, 24 ,58112,0.4627873792," 58,112 "," 69,891 ",1.3592412472," 58,112 ","1,7,8,4,0,5,2,3,6",306
22,0.4498112512,23," 89,557 ",RDLURRDLLURDDLURDRUULL,1.8420472145, 22 ,57176,0.4624629760," 57,176 "," 68,207 ",1.3633129597," 57,176 ","0,2,1,8,6,5,4,3,7",307
21,0.2332786688,22," 64,903 ",DRUULDDRRUULDLDRRULUL,1.3763442039, 21 ,57353,0.4625711104," 57,353 "," 68,375 ",1.3741726875," 57,353 ","2,4,8,0,3,7,1,5,6",308
22,0.4498653184,23," 93,820 ",RRUULLDDRURDLUULDDRULU,1.7829968929, 22 ,57892,0.4627873792," 57,892 "," 69,453 ",1.3750212193," 57,892 ","7,2,6,1,8,5,0,3,4",309
26,0.8671428608,27," 169,255 ",RRDDLUULDRURDDLUULDRURDLLU,3.3570408821, 26 ,61066,0.4640309248," 61,066 "," 75,977 ",1.3750832081," 61,066 ","0,7,3,5,8,4,6,2,1",310
23,0.4508385280,24," 98,828 ",ULDDLUURDDLURRULDDRULLU,1.9600763321, 23 ,60581,0.4638146560," 60,581 "," 75,026 ",1.3871507645," 60,581 ","6,8,1,5,3,0,4,2,7",311
20,0.2294398976,21," 51,074 ",RDRULDLURDRULDRDLULU,1.0840733051, 20 ,60504,0.4637605888," 60,508 "," 74,824 ",1.3879423141," 60,504 ","0,4,1,2,7,3,6,8,5",312
16,0.0583761920,17," 10,982 ",LURDLLUURDRDLLUU,0.3510003090, 16 ,60378,0.4637605888," 60,378 "," 74,561 ",1.3899984360," 60,378 ","6,3,2,7,5,1,8,4,0",313
24,0.4499193856,25," 129,211 ",URDRULLDRULURRDDLUULDRUL,2.6468386650, 24 ,59856,0.4635443200," 59,856 "," 73,293 ",1.3926138878," 59,856 ","1,4,3,7,8,5,0,2,6",314
25,0.4508385280,26," 147,871 ",URDRDLURULDRDLULDRUULDRUL,3.1009998322, 25 ,62059,0.4644634624," 62,059 "," 77,983 ",1.4032487869," 62,059 ","7,4,6,0,2,8,1,5,3",315
23,0.4508385280,24," 110,374 ",ULDRRULLURDDLUURDDRUULL,2.2059049606, 23 ,60819,0.4639227904," 60,819 "," 75,498 ",1.4200699329," 60,819 ","6,3,5,8,4,7,1,0,2",316
21,0.4478648320,22," 70,380 ",LUURDLURRDLDRULURDLLU,1.5014243126, 21 ,60235,0.4637065216," 60,239 "," 74,222 ",1.4225511551," 60,235 ","8,4,5,6,3,1,2,0,7",317
22,0.4498653184,23," 75,489 ",UULDRULLDRRDLLURRDLUUL,1.6083102226, 22 ,59902,0.4635983872," 59,902 "," 73,500 ",1.4293293953," 59,902 ","4,3,6,1,2,7,8,5,0",318
13,0.0149209088,14," 2,993 ",LDLUURRDLDLUU,0.0479998589, 13 ,56803,0.4622467072," 56,803 "," 67,528 ",1.4329998493," 56,803 ","6,3,1,7,2,0,4,5,8",319
27,0.8667103232,28," 171,292 ",ULDDLUURDRULDDRULURDLDRULLU,3.3953347206, 27 ,62551,0.4645715968," 62,551 "," 79,582 ",1.4415102005," 62,551 ","4,7,8,6,3,0,2,1,5",320
19,0.2273312768,20," 40,029 ",RUULDLURRDLULDRDLUU,0.8985321522, 19 ,60831,0.4639227904," 60,831 "," 75,526 ",1.4427766800," 60,831 ","3,6,2,5,1,8,7,0,4",321
17,0.2219786240,18," 18,419 ",RUULDDRUULDDLURUL,0.3019979000, 17 ,53819,0.4609490944," 53,826 "," 62,270 ",1.4429991245," 53,819 ","1,5,8,6,2,3,7,0,4",322
19,0.2272772096,20," 39,700 ",RUULDDLURRULLDRDLUU,0.9890003204, 19 ,61075,0.4640309248," 61,075 "," 76,178 ",1.4434475899," 61,075 ","1,5,6,7,2,8,4,0,3",323
22,0.4498653184,23," 72,115 ",DDLUULDDRULDRRUULDRULL,1.7179996967, 22 ,60922,0.4639227904," 60,922 "," 75,235 ",1.4510002136," 60,922 ","5,6,0,1,3,4,2,7,8",324
21,0.4478648320,22," 75,123 ",RDRUULDDLURDRULDLURUL,1.6909980774, 21 ,61537,0.4642471936," 61,537 "," 76,541 ",1.4580180645," 61,537 ","1,2,8,0,7,3,5,4,6",325
24,0.4499193856,25," 127,701 ",DRDLURRDLUURDLULDRURDLUL,2.7074465752, 24 ,61334,0.4641390592," 61,336 "," 76,704 ",1.4599986076," 61,334 ","0,2,3,5,6,7,8,1,4",326
20,0.2294398976,21," 43,720 ",ULURDLLDRRUULLDDRUUL,0.7249960899, 20 ,53396,0.4607868928," 53,396 "," 61,552 ",1.4610922337," 53,396 ","4,8,2,7,5,6,1,3,0",327
18,0.2229518336,19," 17,649 ",UURDDLURRDLLUURDLU,0.2939996719, 18 ,53448,0.4608409600," 53,448 "," 62,187 ",1.4621827602," 53,448 ","7,4,2,8,3,1,0,6,5",328
22,0.4498653184,23," 77,245 ",UULLDRDLURRDLURULLDRUL,1.5411264896, 22 ,61444,0.4641390592," 61,445 "," 77,101 ",1.4640996456," 61,444 ","2,5,7,4,6,3,8,1,0",329
24,0.4499193856,25," 132,423 ",RUULDRURDDLURULLDRRDLLUU,2.6742191315, 24 ,60998,0.4639768576," 60,998 "," 75,810 ",1.4679648876," 60,998 ","8,3,2,1,5,4,0,7,6",330
21,0.2332786688,22," 63,985 ",URRDLDRULLDRURDLLURUL,1.2789993286, 21 ,60027,0.4637065216," 60,027 "," 73,249 ",1.4688937664," 60,027 ","8,1,4,0,5,2,6,3,7",331
22,0.4506763264,23," 98,764 ",LURDLDRRUULDRULLDDRULU,2.0959994793, 22 ,62824,0.4646797312," 62,824 "," 80,514 ",1.4740588665," 62,824 ","2,1,7,5,0,8,3,4,6",332
24,0.4499193856,25," 134,193 ",LUURDLLURRDDLULURRDDLLUU,2.7694315910, 24 ,61394,0.4641390592," 61,394 "," 76,988 ",1.4796574116," 61,394 ","4,1,6,8,5,3,7,2,0",333
21,0.4478648320,22," 78,649 ",RULLDRULURRDDLULDRUUL,1.5833859444, 21 ,62253,0.4644634624," 62,253 "," 78,870 ",1.4814269543," 62,253 ","7,1,4,8,2,5,6,0,3",334
21,0.4478648320,22," 75,172 ",RDRUULDDRUULDLURDDLUU,1.4961946011, 21 ,61891,0.4644093952," 61,891 "," 77,588 ",1.4881074429," 61,891 ","6,5,8,0,1,4,7,2,3",335
22,0.4498112512,23," 84,270 ",URRULDRDLUULDDRUURDLLU,1.8702604771, 22 ,61234,0.4640849920," 61,234 "," 76,413 ",1.4931223392," 61,234 ","5,1,6,4,3,7,0,8,2",336
28,0.8671428608,29," 177,530 ",UURDLDRURDLUURDLLURRDLLDRULU,3.5182027817, 28 ,60584,0.4638146560," 60,584 "," 74,944 ",1.5057091713," 60,584 ","8,7,3,5,2,6,0,4,1",337
22,0.4498112512,23," 81,232 ",DLDLUURDDLURRDLLURRULL,1.7400126457, 22 ,62326,0.4644093952," 62,356 "," 78,577 ",1.5150668621," 62,326 ","7,1,0,8,3,5,6,2,4",338
19,0.2270609408,20," 31,836 ",ULLDDRURDLULDRRUULL,0.5300002098, 19 ,56031,0.4619223040," 56,031 "," 66,153 ",1.5170047283," 56,031 ","2,5,6,1,7,0,4,3,8",339
23,0.4508385280,24," 111,880 ",DLULDRULURRDDLUURDDLLUU,2.3199992180, 23 ,63217,0.4647878656," 63,217 "," 81,486 ",1.5170354843," 63,217 ","6,3,4,5,7,0,8,2,1",340
22,0.4498653184,23," 73,300 ",DDLUURDLULDRRULLDDRULU,1.4743573666, 22 ,62960,0.4646256640," 62,960 "," 79,848 ",1.5192034245," 62,960 ","2,7,0,1,6,3,4,8,5",341
26,0.4499193856,27," 161,881 ",DRULDRRULDLURDRDLLURRDLLUU,3.2304089069, 26 ,61410,0.4641390592," 61,410 "," 76,970 ",1.5273497105," 61,410 ","0,1,6,2,7,3,8,5,4",342
25,0.4507844608,26," 154,545 ",DRDLLUURDLURRDLDRULLDRULU,3.0678238869, 25 ,61985,0.4643553280," 61,985 "," 78,352 ",1.5404176712," 61,985 ","8,0,1,4,7,3,5,6,2",343
28,0.8671428608,29," 179,427 ",DRDRUULLDRDLURRDLUURDLDRULUL,3.5594050884, 28 ,64428,0.4652744704," 64,438 "," 85,402 ",1.5461459160," 64,428 ","0,4,5,8,1,2,7,6,3",344
19,0.2270609408,20," 32,742 ",URRDLLDRUULDDRRULUL,0.8022286892, 19 ,63419,0.4649500672," 63,419 "," 81,377 ",1.5500936508," 63,419 ","6,4,5,0,8,2,1,3,7",345
26,0.4499193856,27," 159,809 ",UURRDDLULURDRULDLURDRDLLUU,3.1486687660, 26 ,62190,0.4644634624," 62,190 "," 78,909 ",1.5573766232," 62,190 ","2,1,6,7,8,4,0,5,3",346
22,0.4498653184,23," 78,647 ",DLULDDRRULULDRDLUURDLU,1.8336424828, 22 ,63994,0.4650582016," 64,004 "," 82,631 ",1.5614502430," 63,994 ","6,5,0,3,8,2,4,7,1",347
26,0.8684404736,27," 172,593 ",LDRUULDRRDLURULLDRRDLURULL,3.3900005817, 26 ,62128,0.4644093952," 62,128 "," 78,629 ",1.5630004406," 62,128 ","5,1,7,4,0,8,2,6,3",348
24,0.4499193856,25," 134,174 ",LUURDLLURDLDRRULLDRRULLU,2.7496113777, 24 ,63180,0.4647878656," 63,195 "," 81,396 ",1.5630202293," 63,180 ","8,7,3,1,4,2,5,6,0",349
21,0.4478648320,22," 76,924 ",RRULDLURRDLDRULURDLLU,1.5010509491, 21 ,63373,0.4649500672," 63,373 "," 81,251 ",1.5684928894," 63,373 ","4,5,1,0,8,3,6,2,7",350
22,0.4498653184,23," 90,147 ",LULURRDLDRULLURRDLDLUU,1.8090794086, 22 ,62996,0.4647337984," 62,996 "," 80,827 ",1.5699970722," 62,996 ","5,6,3,8,2,1,7,4,0",351
22,0.4498112512,23," 74,297 ",UURDLDRURULLDDRRULDLUU,1.6021616459, 22 ,63132,0.4647878656," 63,132 "," 81,111 ",1.5711550713," 63,132 ","7,1,8,3,2,5,0,6,4",352
23,0.4508385280,24," 113,318 ",URDLULDRULURDRULLDRRULL,2.3022539616, 23 ,64063,0.4651122688," 64,063 "," 84,636 ",1.5730967522," 64,063 ","1,2,4,7,8,6,5,0,3",353
22,0.4498112512,23," 81,381 ",DRDLUURDLDRRUULDDRULLU,1.6173539162, 22 ,63380,0.4648960000," 63,380 "," 81,833 ",1.5745174885," 63,380 ","0,3,8,1,4,7,6,2,5",354
16,0.0580517888,17," 9,338 ",URRULLDRURDDLUUL,0.1499998569, 16 ,62468,0.4645715968," 62,469 "," 79,567 ",1.5816795826," 62,468 ","7,4,2,6,1,3,0,8,5",355
27,0.8667103232,28," 174,266 ",ULLDDRULDRRUULLDRRULDDRUULL,3.4818708897, 27 ,64803,0.4653826048," 64,819 "," 87,685 ",1.5829982758," 64,803 ","8,2,7,5,6,0,3,1,4",356
24,0.4499193856,25," 125,298 ",URURDDLURULLDRRULDRDLLUU,2.6643986702, 24 ,63632,0.4650041344," 63,656 "," 82,710 ",1.5839817524," 63,632 ","2,8,4,7,3,1,0,5,6",357
24,0.4499193856,25," 139,218 ",LLDRDLURRULLDDRRUULDDLUU,2.8486442566, 24 ,63692,0.4649500672," 63,692 "," 81,847 ",1.5849986076," 63,692 ","5,8,0,2,6,1,7,3,4",358
18,0.2240331776,19," 26,622 ",RRULLURDDLURDRULLU,0.6080207825, 18 ,63858,0.4650582016," 63,858 "," 83,335 ",1.5859980583," 63,858 ","6,3,2,1,8,7,0,5,4",359
18,0.2236547072,19," 23,477 ",RUURDLULDDRURDLULU,0.3779997826, 18 ,60728,0.4638687232," 60,728 "," 75,294 ",1.5890004635," 60,728 ","1,7,8,3,6,2,0,4,5",360
24,0.4499193856,25," 136,850 ",RURULLDRRDLLURRULDDRULUL,2.7160952091, 24 ,63970,0.4651122688," 63,978 "," 83,597 ",1.5941743851," 63,970 ","2,8,3,1,7,6,0,5,4",361
17,0.2220326912,18," 19,055 ",RULULDDRULURRDLUL,0.3189992905, 17 ,61847,0.4643012608," 61,847 "," 78,012 ",1.6048719883," 61,847 ","1,7,4,3,2,8,5,0,6",362
20,0.2306293760,21," 45,783 ",ULDDRRUULLDRDLURRULL,1.0289986134, 20 ,63376,0.4648419328," 63,393 "," 81,882 ",1.6072208881," 63,376 ","5,6,4,2,0,8,1,7,3",363
22,0.4498112512,23," 82,636 ",ULDRUULDDLURRDLULDRULU,1.7710838318, 22 ,64066,0.4651122688," 64,070 "," 84,653 ",1.6221265793," 64,066 ","3,2,6,4,5,7,8,1,0",364
20,0.2294398976,21," 53,736 ",RRULURDDLULDRURDLLUU,1.1301348209, 20 ,64122,0.4651663360," 64,122 "," 84,111 ",1.6233501434," 64,122 ","3,7,1,8,2,4,0,6,5",365
23,0.4508385280,24," 118,055 ",LURDRUULDDLURRDLUURDLUL,2.4346261024, 23 ,63201,0.4647878656," 63,201 "," 81,453 ",1.6249997616," 63,201 ","1,4,7,8,6,2,5,0,3",366
21,0.4478648320,22," 68,166 ",URDLUURDDLULURDLDRULU,1.5804088116, 21 ,64583,0.4653285376," 64,583 "," 86,562 ",1.6356191635," 64,583 ","7,6,3,1,5,8,4,0,2",367
19,0.2268446720,20," 30,919 ",DDRULDLUURDDLUURDLU,0.7011618614, 19 ,65083,0.4654907392," 65,087 "," 88,911 ",1.6490960121," 65,083 ","6,0,2,7,4,8,1,5,3",368
17,0.2215460864,18," 15,154 ",DRUURDLULDDRRULUL,0.3380007744, 17 ,63621,0.4650582016," 63,625 "," 82,079 ",1.6512050629," 63,621 ","4,8,5,0,6,2,1,3,7",369
18,0.2228977664,19," 17,451 ",UULDDLUURDLDRRULUL,0.4979991913, 18 ,64690,0.4653826048," 64,707 "," 87,181 ",1.6554098129," 64,690 ","5,2,8,3,1,7,6,4,0",370
23,0.4508385280,24," 122,644 ",RDLDRUULDLDRURDLLUURDLU,2.5899996758, 23 ,65101,0.4654907392," 65,111 "," 89,080 ",1.6561183929," 65,101 ","4,0,2,8,5,1,6,3,7",371
18,0.2247901184,19," 25,998 ",DLURRULLDRDLURRULL,0.5670251846, 18 ,65286,0.4655448064," 65,289 "," 90,008 ",1.6615962982," 65,286 ","2,5,4,7,0,6,3,1,8",372
26,0.8684404736,27," 169,125 ",DLUURRDDLUULDRRDLLUURDDLUU,3.3997526169, 26 ,64224,0.4652204032," 64,224 "," 85,092 ",1.6650316715," 64,224 ","6,3,7,4,0,2,5,8,1",373
24,0.4499193856,25," 125,495 ",DRURDDLLURULDRDLUURRDLUL,2.5942883492, 24 ,65270,0.4655448064," 65,278 "," 88,736 ",1.6723606586," 65,270 ","0,3,6,1,7,4,5,8,2",374
22,0.4498653184,23," 80,317 ",DLURDDLLURRULDRDLURULL,1.6841199398, 22 ,65694,0.4655988736," 65,694 "," 89,179 ",1.6769721508," 65,694 ","1,3,0,6,7,5,8,4,2",375
20,0.2294398976,21," 46,345 ",URRULLDRDLURULDRRULL,0.7670781612, 20 ,60112,0.4636524544," 60,112 "," 73,888 ",1.6860795021," 60,112 ","3,5,4,7,2,6,0,1,8",376
16,0.0581058560,17," 9,892 ",RDDLURRDLUURDLUL,0.2432308197, 16 ,65468,0.4655988736," 65,469 "," 89,846 ",1.6954083443," 65,468 ","0,1,4,6,5,7,8,3,2",377
13,0.0149749760,14," 3,058 ",RDDLUULDDRULU,0.0959997177, 13 ,65309,0.4655988736," 65,323 "," 90,251 ",1.6963944435," 65,309 ","1,0,7,3,6,2,4,8,5",378
16,0.0594575360,17," 14,530 ",RDLLURDRUULDDLUU,0.3562433720, 16 ,65282,0.4655448064," 65,288 "," 89,977 ",1.7000756264," 65,282 ","3,2,5,7,0,6,1,4,8",379
25,0.4508385280,26," 144,792 ",DDLURRULDRDLULDRULURRDLLU,2.9342534542, 25 ,65297,0.4655448064," 65,298 "," 90,033 ",1.7027792931," 65,297 ","4,0,6,5,1,3,8,7,2",380
19,0.2272231424,20," 38,173 ",LURURDDLULDRURULDLU,0.7531642914, 19 ,65375,0.4655988736," 65,377 "," 90,885 ",1.7120852470," 65,375 ","3,6,2,4,7,5,8,0,1",381
21,0.4478648320,22," 71,302 ",RULDDRRULLDRUULDDRUUL,1.5363130569, 21 ,64863,0.4654907392," 64,894 "," 88,095 ",1.7283747196," 64,863 ","7,5,2,0,4,8,6,1,3",382
22,0.4498653184,23," 71,984 ",DDRUULDDRUURDLULDDRUUL,1.5910615921, 22 ,65668,0.4657070080," 65,724 "," 93,061 ",1.7290706635," 65,668 ","0,6,7,5,3,2,4,1,8",383
16,0.0592953344,17," 13,267 ",LDRRUULLDRRDLLUU,0.4289996624, 16 ,65752,0.4657070080," 65,765 "," 93,356 ",1.7329995632," 65,752 ","1,2,4,6,0,5,3,7,8",384
22,0.4498112512,23," 85,012 ",URRULLDRRDLLUURRDDLULU,1.6683337688, 22 ,65654,0.4656529408," 65,724 "," 92,371 ",1.7401037216," 65,654 ","3,1,7,8,4,6,0,5,2",385
14,0.0556187648,15," 3,548 ",DRDRUULDDRULUL,0.0580017567, 14 ,63336,0.4648960000," 63,336 "," 81,733 ",1.7451090813," 63,336 ","0,2,8,1,3,7,6,4,5",386
26,0.4499193856,27," 163,944 ",ULDLURURDDLLURULDRRULDDLUU,3.2171819210, 26 ,65570,0.4656529408," 65,605 "," 92,362 ",1.7460763454," 65,570 ","2,3,6,4,5,1,8,7,0",387
23,0.4508385280,24," 113,451 ",DRDLULDRRUULDLURDRULDLU,2.2850542068, 23 ,65981,0.4658151424," 65,997 "," 95,725 ",1.7464857101," 65,981 ","4,0,1,3,5,6,2,7,8",388
26,0.8670887936,27," 166,549 ",LUULDDRURDLULDRUULDDRURULL,3.3512864113, 26 ,65576,0.4656529408," 65,576 "," 91,958 ",1.7490239143," 65,576 ","7,8,5,2,1,3,6,4,0",389
22,0.4498112512,23," 92,319 ",RDRDLULDRRULURDLDRULUL,1.8863213062, 22 ,65640,0.4657070080," 65,724 "," 92,085 ",1.7501549721," 65,640 ","0,1,4,2,8,6,3,5,7",390
23,0.4508385280,24," 105,197 ",ULDRDLLUURRDLDRUULDDLUU,2.0960199833, 23 ,65265,0.4655448064," 65,291 "," 89,927 ",1.7521507740," 65,265 ","6,2,8,7,3,0,1,4,5",391
23,0.4508385280,24," 118,597 ",LURDLLURDLDRURDLURULDLU,2.4349946976, 23 ,64857,0.4654366720," 64,859 "," 87,987 ",1.7599992752," 64,857 ","8,7,3,2,5,0,4,6,1",392
23,0.4508385280,24," 111,695 ",DRULDRRULLURRDLLDRRULUL,2.2220668793, 23 ,65777,0.4658151424," 65,797 "," 95,284 ",1.7610564232," 65,777 ","5,1,4,0,3,7,2,8,6",393
19,0.2271150080,20," 32,786 ",ULLDRRDLURULLDDRULU,0.7249979973, 19 ,65285,0.4655448064," 65,291 "," 89,965 ",1.7626333237," 65,285 ","2,5,6,1,3,0,4,8,7",394
20,0.2307915776,21," 57,259 ",LURRDDLUURDLLDRRUULL,1.3670785427, 20 ,65756,0.4657070080," 65,756 "," 93,326 ",1.7660851479," 65,756 ","4,1,8,6,0,2,3,7,5",395
27,0.8668725248,28," 178,316 ",RULLURRDLLURDLDRRUULDLDRULU,3.5342180729, 27 ,65565,0.4656529408," 65,602 "," 92,331 ",1.7691919804," 65,565 ","2,1,3,8,5,6,7,0,4",396
20,0.2294939648,21," 44,557 ",ULDLURDRULULDDRRUULL,0.7373127937, 20 ,63102,0.4647878656," 63,102 "," 81,088 ",1.7710611820," 63,102 ","2,4,5,3,7,6,8,1,0",397
21,0.4478648320,22," 69,350 ",DLLUURRDDLULDRURDLLUU,1.3800778389, 21 ,65881,0.4658151424," 65,960 "," 95,416 ",1.7733001709," 65,881 ","8,3,1,6,7,0,5,4,2",398
23,0.4508385280,24," 116,110 ",RULDDRRULDLURURDDLURULL,2.2740006447, 23 ,65933,0.4658692096," 65,933 "," 96,607 ",1.7769875526," 65,933 ","7,5,2,0,1,4,6,8,3",399
18,0.2231140352,19," 18,939 ",DDLLUURRDDLLUURDLU,0.3121156693, 18 ,65600,0.4655988736," 65,600 "," 88,829 ",1.7879402637," 65,600 ","6,4,0,7,1,3,8,5,2",400
24,0.4506763264,25," 130,049 ",ULDRDLURRDLLURURDDLLURUL,2.5919983387, 24 ,66032,0.4658151424," 66,071 "," 96,315 ",1.7954871655," 66,032 ","3,8,4,1,0,6,5,7,2",401
26,0.8670887936,27," 166,939 ",LDDLURRDLURULDRDLULURRDLLU,3.4680004120, 26 ,66100,0.4657610752," 66,150 "," 93,234 ",1.8002142906," 66,100 ","4,7,0,6,1,8,2,5,3",402
24,0.4499193856,25," 118,719 ",DDLULURDRULLDDRUULDRRULL,2.4537236691, 24 ,66386,0.4658692096," 66,476 "," 97,542 ",1.8018569946," 66,386 ","2,3,0,5,6,4,1,8,7",403
23,0.4508385280,24," 111,120 ",URULDLURDDLURRULDDRULUL,2.2571141720, 23 ,65655,0.4657070080," 65,659 "," 92,756 ",1.8070292473," 65,655 ","6,8,4,2,3,1,5,0,7",404
26,0.4499193856,27," 163,686 ",DRDLURULDRRULDRDLULDRURULL,3.2203695774, 26 ,65750,0.4657070080," 65,768 "," 94,836 ",1.8119995594," 65,750 ","0,7,6,5,3,2,8,1,4",405
19,0.2272772096,20," 38,989 ",LDRRULDRDLUURDDLLUU,0.7539496422, 19 ,65957,0.4658151424," 66,072 "," 96,774 ",1.8121626377," 65,957 ","1,0,8,3,6,4,7,5,2",406
22,0.4498112512,23," 89,442 ",LULURDLDRURULLDDRRULUL,1.7813920975, 22 ,65950,0.4657610752," 65,961 "," 95,563 ",1.8222415447," 65,950 ","6,4,8,2,3,5,1,7,0",407
25,0.4508385280,26," 158,255 ",RDLUURDDRULDLUURRDLULDRUL,3.1672778130, 25 ,65797,0.4658151424," 65,799 "," 95,682 ",1.8264498711," 65,797 ","6,1,3,0,7,8,2,4,5",408
23,0.4508385280,24," 107,920 ",URRDLLURRDDLURDLLUURDLU,2.1296203136, 23 ,65751,0.4658151424," 65,797 "," 95,484 ",1.8450653553," 65,751 ","8,6,4,0,2,3,7,5,1",409
26,0.8684945408,27," 166,905 ",URDDLLURULDRRULLDRRDLURULL,3.3743510246, 26 ,65970,0.4658151424," 66,071 "," 97,108 ",1.8450829983," 65,970 ","5,2,1,6,0,7,8,4,3",410
19,0.2266284032,20," 28,602 ",ULDDLUURDDLURRDLLUU,0.5995135307, 19 ,66051,0.4658151424," 66,074 "," 96,158 ",1.8494994640," 66,051 ","7,2,4,8,3,0,6,1,5",411
23,0.4508385280,24," 113,632 ",DRRUULDLURDDRUULLDRDLUU,2.3167915344, 23 ,65869,0.4658151424," 65,869 "," 95,981 ",1.8501973152," 65,869 ","3,5,8,0,1,4,2,7,6",412
21,0.4478648320,22," 73,177 ",LURDLDLURDRUULDDRULLU,1.5615909100, 21 ,65999,0.4658151424," 66,125 "," 100,411 ",1.8560619354," 65,999 ","3,7,2,6,8,0,1,4,5",413
28,0.8684404736,29," 179,432 ",ULDRRULLDRRULLDRDRUULDDLURUL,3.5171835423, 28 ,65900,0.4658151424," 65,957 "," 94,925 ",1.8560824394," 65,900 ","8,2,6,5,0,1,7,4,3",414
21,0.4479188992,22," 78,369 ",RULLURRDLLDRUULDDRULU,1.7424252033, 21 ,66013,0.4658151424," 66,123 "," 100,631 ",1.8670821190," 66,013 ","6,1,7,5,2,8,3,0,4",415
21,0.2332246016,22," 58,848 ",DDLURDRUULDRULLDDRULU,1.2466893196, 21 ,65969,0.4658151424," 66,087 "," 98,598 ",1.8703122139," 65,969 ","1,0,7,4,5,8,2,3,6",416
22,0.4498653184,23," 74,100 ",UURDLDRULURDRULLDDRULU,1.5871055126, 22 ,65648,0.4657610752," 65,982 "," 101,669 ",1.8800873756," 65,648 ","6,3,5,2,1,7,0,4,8",417
15,0.0572948480,16," 8,254 ",RULDLURDRUULDLU,0.1309995651, 15 ,65401,0.4655988736," 65,413 "," 91,154 ",1.8861010075," 65,401 ","3,2,5,6,8,7,1,0,4",418
21,0.4479188992,22," 78,453 ",RDLLURRDLLURRDDLURULL,1.6141934395, 21 ,65601,0.4658151424," 66,123 "," 103,381 ",1.8984103203," 65,601 ","7,0,3,5,2,1,6,8,4",419
27,0.8667103232,28," 172,493 ",ULDDRULLDRULURDDRUULDDRULLU,3.4045414925, 27 ,66027,0.4658151424," 66,125 "," 100,081 ",1.8999977112," 66,027 ","4,8,5,1,3,0,2,7,6",420
17,0.2214379520,18," 14,676 ",DLURRDLLURRDDLULU,0.4519991875, 17 ,65599,0.4658151424," 66,123 "," 103,368 ",1.9166917801," 65,599 ","7,0,3,2,4,1,6,8,5",421
28,0.8671428608,29," 179,819 ",RUULDDRUURDDLUURDLULDDRRULUL,3.5620284081, 28 ,65832,0.4657610752," 65,982 "," 99,982 ",1.9179995060," 65,832 ","6,7,8,4,3,5,0,1,2",422
22,0.4498112512,23," 87,908 ",RUURDDLUULDRURDDLLURUL,1.7794315815, 22 ,65278,0.4657610752," 65,982 "," 103,801 ",1.9244747162," 65,278 ","3,8,6,1,5,4,0,7,2",423
23,0.4508385280,24," 111,581 ",DRULDRRULURDLDLUURDDLUU,2.1914954185, 23 ,64507,0.4658692096," 66,056 "," 106,577 ",1.9250838757," 64,507 ","6,5,3,0,4,8,2,7,1",424
22,0.4498653184,23," 82,775 ",DRDRUULDRDLULDRRUULDLU,1.7979993820, 22 ,65262,0.4657610752," 65,982 "," 103,863 ",1.9271788597," 65,262 ","0,5,6,3,1,8,4,2,7",425
22,0.4498653184,23," 77,617 ",DDRRULLURDLDRRULLDRULU,1.6631741524, 22 ,65834,0.4657610752," 65,982 "," 99,414 ",1.9280741215," 65,834 ","0,3,2,5,8,6,1,7,4",426
22,0.4498653184,23," 93,788 ",RRDDLLUURDLURRDLDLURUL,1.8868453503, 22 ,65528,0.4657610752," 65,982 "," 102,618 ",1.9300589561," 65,528 ","0,5,6,7,1,4,3,8,2",427
24,0.4499193856,25," 116,746 ",DDRUULDRURDDLLURRDLLURUL,2.3912432194, 24 ,65694,0.4657610752," 65,982 "," 101,580 ",1.9319989681," 65,694 ","0,7,4,6,5,2,1,8,3",428
26,0.4499193856,27," 161,023 ",UULLDRRDLLURRDLURULLDRRULL,3.2435514927, 26 ,65792,0.4658151424," 66,126 "," 102,230 ",1.9360957146," 65,792 ","5,4,1,2,6,7,8,3,0",429
25,0.4508385280,26," 145,570 ",URDLDRULURDLDRULURDRULDLU,3.0213930607, 25 ,65677,0.4658692096," 66,056 "," 102,633 ",1.9482154846," 65,677 ","6,7,5,0,4,1,3,2,8",430
27,0.8667103232,28," 175,897 ",DLULURDDLUURDRDLLURRDLURULL,3.6299021244, 27 ,65825,0.4658151424," 66,125 "," 102,143 ",1.9686806202," 65,825 ","8,6,5,1,2,0,4,7,3",431
22,0.4498653184,23," 75,363 ",UURDRULLDRRDLLUURRDLLU,1.4891049862, 22 ,64604,0.4657610752," 65,982 "," 107,182 ",1.9692239761," 64,604 ","4,3,5,7,1,6,0,8,2",432
16,0.0583761920,17," 10,832 ",RURDLUURDDLLURUL,0.4910006523, 16 ,65576,0.4657610752," 65,982 "," 101,908 ",1.9882433414," 65,576 ","1,3,4,6,5,8,0,7,2",433
26,0.8684404736,27," 163,994 ",ULDRURDDLUURDDLUURDLLDRULU,3.2060704231, 26 ,65076,0.4658151424," 66,122 "," 105,530 ",1.9951362610," 65,076 ","8,7,6,3,0,5,4,2,1",434
18,0.2233303040,19," 20,377 ",DLURDLDRULLDRRULUL,0.3361003399, 18 ,66410,0.4658692096," 66,476 "," 97,151 ",1.9953303337," 66,410 ","1,7,0,5,2,4,3,8,6",435
19,0.2273853440,20," 42,062 ",RRDLURULLDDRRUULDLU,0.8689985275, 19 ,65151,0.4658692096," 66,056 "," 105,082 ",1.9980914593," 65,151 ","2,5,8,0,3,6,4,7,1",436
23,0.4508385280,24," 121,440 ",LDRULLDRULURDLDRURDLUUL,2.5094757080, 23 ,63785,0.4658151424," 66,125 "," 110,326 ",1.9981646538," 63,785 ","8,1,2,6,5,0,4,7,3",437
24,0.4499193856,25," 132,966 ",LUULDRRULLDRRDLLURDRULUL,2.6806361675, 24 ,65208,0.4658151424," 66,126 "," 104,957 ",2.0002853870," 65,208 ","2,1,3,4,7,6,5,8,0",438
15,0.0570245120,16," 7,229 ",LUURRDLLDRRULUL,0.1161820889, 15 ,65975,0.4658151424," 66,072 "," 96,925 ",2.0019998550," 65,975 ","5,1,4,3,8,2,6,0,7",439
25,0.4508385280,26," 144,702 ",UULDRRULDDLUURDLDRURDLLUU,2.9926228523, 25 ,64581,0.4658151424," 66,123 "," 107,649 ",2.0023233891," 64,581 ","2,6,4,8,1,3,7,0,5",440
18,0.2234384384,19," 21,453 ",URDRULDLURULDRRULL,0.5164563656, 18 ,64688,0.4657610752," 65,982 "," 106,895 ",2.0056226254," 64,688 ","2,3,5,7,6,8,0,4,1",441
24,0.4499193856,25," 135,422 ",RULURRDDLULDRURULLDRRULL,2.7034456730, 24 ,65688,0.4657610752," 65,982 "," 101,563 ",2.0070726871," 65,688 ","7,2,5,6,8,4,0,1,3",442
26,0.8670887936,27," 165,630 ",DLLDRUULDDRURDLLURRULLDRUL,3.3590812683, 26 ,64702,0.4658692096," 66,488 "," 107,402 ",2.0174994469," 64,702 ","2,8,0,7,1,5,4,6,3",443
19,0.2267906048,20," 29,767 ",UULDRRULDRDLURULDLU,0.6890878677, 19 ,64887,0.4658151424," 66,123 "," 106,442 ",2.0261485577," 64,887 ","5,4,7,3,8,2,6,0,1",444
24,0.4499193856,25," 120,317 ",UURDRDLUURDDLLUURDDRULLU,2.4145729542, 24 ,65198,0.4657610752," 65,982 "," 104,568 ",2.0277917385," 65,198 ","6,4,3,5,1,7,0,8,2",445
26,0.4499193856,27," 162,365 ",DRURDDLULDRUULDRRULDRDLUUL,3.3967306614, 26 ,64280,0.4657610752," 65,982 "," 108,200 ",2.0282793045," 64,280 ","0,6,3,2,8,7,1,5,4",446
23,0.4508385280,24," 100,076 ",UULDDRRUULDRDLULDRRULLU,2.0550472736, 23 ,64043,0.4658151424," 66,123 "," 109,625 ",2.0330607891," 64,043 ","2,1,6,3,4,8,5,0,7",447
22,0.4498653184,23," 77,804 ",DDRRULLDRULURDLDRURULL,1.5760145187, 22 ,63710,0.4657610752," 65,982 "," 110,487 ",2.0400183201," 63,710 ","0,1,5,7,4,8,6,2,3",448
26,0.4499193856,27," 165,190 ",URRULDRDLUULDDRULURDRULDLU,3.2283267975, 26 ,64008,0.4657610752," 65,982 "," 109,617 ",2.0451345444," 64,008 ","3,5,6,2,4,7,0,8,1",449
23,0.4507844608,24," 121,739 ",RULULDDRULDRRUULLDRRULL,2.4681453705, 23 ,64733,0.4658151424," 66,123 "," 106,998 ",2.0461742878," 64,733 ","5,6,4,2,8,7,3,0,1",450
22,0.4498112512,23," 89,757 ",RDLDRUURDDLUULDDRURULL,1.8789975643, 22 ,63756,0.4657610752," 65,982 "," 110,301 ",2.0471444130," 63,756 ","0,2,7,8,6,5,1,3,4",451
26,0.8684404736,27," 167,012 ",URDDLLURRDLLUURDLURRDDLLUU,3.6370491982, 26 ,64168,0.4658151424," 66,122 "," 109,050 ",2.0539984703," 64,168 ","4,7,6,8,0,1,5,2,3",452
22,0.4506763264,23," 94,222 ",DLURRDLUURDDLUULDDRUUL,1.8911397457, 22 ,65960,0.4658151424," 66,071 "," 97,155 ",2.0542409420," 65,960 ","4,6,7,3,0,8,5,1,2",453
20,0.2294398976,21," 45,042 ",DLDRUULDRDLLURDRUULL,0.9230706692, 20 ,64478,0.4658692096," 66,488 "," 108,059 ",2.0559124947," 64,478 ","1,5,0,6,8,3,4,2,7",454
24,0.4507303936,25," 148,488 ",RDLLURDRULURDDLUULDDRULU,3.0079991817, 24 ,66030,0.4658151424," 66,122 "," 100,485 ",2.0584061146," 66,030 ","1,6,7,4,0,3,2,8,5",455
18,0.2230599680,19," 18,396 ",DDRURULLDDRUULDRUL,0.3759999275, 18 ,64212,0.4657610752," 65,982 "," 108,499 ",2.0611262321," 64,212 ","0,2,5,3,6,7,4,1,8",456
16,0.0576192512,17," 7,381 ",UULDDLURRDLLURUL,0.2509996891, 16 ,63908,0.4658151424," 66,126 "," 109,929 ",2.0616025925," 63,908 ","1,2,3,7,4,5,8,6,0",457
21,0.4478648320,22," 77,632 ",RULDLUURRDDLULURDRULL,1.6311407089, 21 ,62913,0.4658151424," 66,123 "," 112,532 ",2.0634846687," 62,913 ","2,3,1,6,5,4,8,0,7",458
23,0.4508385280,24," 99,928 ",ULDDLURRULLDRDLURRDLULU,2.1911132336, 23 ,64147,0.4658151424," 66,125 "," 109,216 ",2.0649087429," 64,147 ","1,7,6,8,2,0,4,3,5",459
23,0.4508385280,24," 111,562 ",DRULDRRULULDRDLUURRDLLU,2.4526166916, 23 ,64039,0.4658692096," 66,056 "," 108,135 ",2.0675227642," 64,039 ","3,6,1,0,7,8,2,4,5",460
24,0.4499193856,25," 139,292 ",LLDRDLURRDLLUURDLURRDLLU,2.6333436966, 24 ,65528,0.4658692096," 66,488 "," 104,255 ",2.0710861683," 65,528 ","4,1,0,5,7,3,8,6,2",461
21,0.2332786688,22," 62,715 ",ULLDDRURULDRDLLUURDLU,1.3992078304, 21 ,64085,0.4658151424," 66,125 "," 109,340 ",2.0782320499," 64,085 ","2,1,3,4,8,0,6,7,5",462
25,0.4507844608,26," 153,637 ",DRULLDRRDLLURRULLDRDRULUL,2.9915032387, 25 ,63253,0.4658151424," 66,123 "," 111,740 ",2.0816712379," 63,253 ","2,0,1,4,8,6,5,7,3",463
26,0.8684404736,27," 169,628 ",DLURDRUULDDRULLURRDLLDRUUL,3.4094431400, 26 ,63624,0.4658151424," 66,122 "," 110,687 ",2.0856990814," 63,624 ","7,4,8,3,0,6,1,5,2",464
29,0.8667103232,30," 181,029 ",ULLDDRRUULDRULLDDRUULDDRRUULL,3.5368602276, 29 ,63423,0.4658151424," 66,125 "," 111,186 ",2.0969674587," 63,423 ","8,6,7,4,5,0,2,1,3",465
21,0.2332786688,22," 65,698 ",ULDRRUULDLURDRDLURULL,1.3051006794, 21 ,63867,0.4658151424," 66,123 "," 110,115 ",2.1040921211," 63,867 ","3,5,7,1,6,4,2,0,8",466
8,0.0036110336,9, 298 ,LDRRUULL,0.0049998760, 8 ,65110,0.4658151424," 66,122 "," 105,310 ",2.1081347466," 65,110 ","1,2,5,4,0,8,3,6,7",467
22,0.4498653184,23," 77,643 ",UULLDRRULLDDRUULDRRULL,1.5670988560, 22 ,63470,0.4658151424," 66,126 "," 111,066 ",2.1244442463," 63,470 ","5,4,7,3,2,8,1,6,0",468
20,0.2294398976,21," 51,307 ",LDLDRRULLDRRULURDLLU,1.1045134068, 20 ,62846,0.4658692096," 66,488 "," 112,841 ",2.1267261505," 62,846 ","3,1,0,8,5,7,2,4,6",469
7,0.0010403840,8, 135 ,DRRULUL,0.0019967556, 7 ,63987,0.4658692096," 66,056 "," 108,309 ",2.1309978962," 63,987 ","1,4,2,0,5,8,3,6,7",470
26,0.4499193856,27," 164,626 ",DLDRULURDLDRULLDRULURDDLUU,3.2113497257, 26 ,65024,0.4658692096," 66,488 "," 106,187 ",2.1458971500," 65,024 ","6,8,0,4,7,3,1,2,5",471
25,0.4507844608,26," 152,317 ",URULDDRUULDLDRULURDLDRUUL,3.0287020206, 25 ,62053,0.4658151424," 66,123 "," 114,376 ",2.1532971859," 62,053 ","7,5,8,6,1,2,4,0,3",472
27,0.8668725248,28," 174,831 ",ULURRDDLUULDRRDLLUURDRULDLU,3.7313146591, 27 ,63587,0.4658151424," 66,123 "," 110,769 ",2.1549992561," 63,587 ","4,3,6,8,1,5,7,0,2",473
22,0.4498112512,23," 95,569 ",LLURRDLUURDLULDDRURULL,1.8449997902, 22 ,60796,0.4658151424," 66,126 "," 117,146 ",2.1590745449," 60,796 ","2,4,7,3,1,6,8,5,0",474
27,0.8667103232,28," 173,926 ",URDRDLURULLDRRDLLURURDDLLUU,3.5269989967, 27 ,64239,0.4658692096," 66,056 "," 107,417 ",2.1671867371," 64,239 ","3,4,6,0,1,5,8,2,7",475
22,0.4498112512,23," 74,478 ",UURDLDRRUULDDRUULDDLUU,1.5020005703, 22 ,62682,0.4657610752," 65,982 "," 113,487 ",2.1680734158," 62,682 ","2,3,8,6,5,4,0,7,1",476
21,0.4478648320,22," 72,703 ",RURDDLLUURDRDLULDRULU,1.4910800457, 21 ,62115,0.4658692096," 66,056 "," 113,778 ",2.1701877117," 62,115 ","7,1,3,0,4,2,8,5,6",477
22,0.4498653184,23," 93,939 ",LLUURRDLDLURDRULDLURUL,1.8700637817, 22 ,61324,0.4658151424," 66,126 "," 115,990 ",2.1780881882," 61,324 ","7,1,4,5,8,2,6,3,0",478
23,0.4508385280,24," 123,118 ",RDLLURDDRUULDDLURRDLULU,2.3703703880, 23 ,62347,0.4658151424," 66,123 "," 113,787 ",2.1801602840," 62,347 ","6,0,3,2,5,7,8,1,4",479
25,0.4508385280,26," 153,086 ",DRULDRDLLURULDRDLURRDLUUL,3.1309828758, 25 ,63823,0.4658151424," 66,123 "," 110,462 ",2.1902801991," 63,823 ","4,0,1,8,2,6,3,5,7",480
19,0.2270609408,20," 33,565 ",ULDRURDLLUURDRULDLU,0.7319965363, 19 ,61743,0.4658151424," 66,123 "," 115,131 ",2.1911513805," 61,743 ","4,3,5,8,7,2,6,0,1",481
23,0.4508385280,24," 114,172 ",URDLLURDRUULDRULLDRDLUU,2.3853211403, 23 ,61783,0.4658151424," 66,123 "," 114,960 ",2.1921038628," 61,783 ","1,5,6,7,4,3,2,0,8",482
24,0.4499193856,25," 117,772 ",UURDDRULURDDLLURULDRDLUU,2.3861269951, 24 ,60712,0.4657610752," 65,982 "," 117,731 ",2.2044394016," 60,712 ","7,1,6,4,3,5,0,2,8",483
20,0.2294398976,21," 52,664 ",LLDDRUURDLLURRDDLUUL,0.9969997406, 20 ,61390,0.4658692096," 66,488 "," 116,481 ",2.2110006809," 61,390 ","2,1,0,3,8,4,7,6,5",484
24,0.4499193856,25," 116,500 ",UURDDLUURRDDLUURDLLDRUUL,2.2491798401, 24 ,61110,0.4657610752," 65,982 "," 117,001 ",2.2114315033," 61,110 ","3,7,5,8,1,4,0,6,2",485
25,0.4507844608,26," 157,057 ",LDRURDLDRUULDDLURRDLLURUL,3.2995004654, 25 ,60141,0.4658151424," 66,123 "," 118,541 ",2.2121868134," 60,141 ","5,0,2,1,7,3,8,4,6",486
18,0.2231140352,19," 18,865 ",DDLLUURDRULDRDLUUL,0.3149991035, 18 ,65694,0.4658692096," 66,488 "," 103,535 ",2.2151019573," 65,694 ","3,1,0,6,2,7,8,5,4",487
23,0.4508385280,24," 99,283 ",DDLUURDLURRDDLUULDRRULL,2.1121006012, 23 ,59417,0.4658151424," 66,123 "," 119,864 ",2.2156689167," 59,417 ","7,0,3,6,1,5,8,2,4",488
20,0.2307915776,21," 59,127 ",LDRURDLURULDLURDRULL,1.3445191383, 20 ,61442,0.4658151424," 66,122 "," 115,743 ",2.2172038555," 61,442 ","3,5,4,8,0,7,2,6,1",489
22,0.4498112512,23," 87,096 ",RDDLURURDDLLUURDRDLULU,1.8061530590, 22 ,62758,0.4657610752," 65,982 "," 113,265 ",2.2186450958," 62,758 ","0,4,3,8,1,2,5,6,7",490
25,0.4507844608,26," 160,029 ",RDLULDRRULDDRULDLURDRULUL,3.1831459999, 25 ,59521,0.4658151424," 66,123 "," 119,648 ",2.2212145329," 59,521 ","2,0,6,1,4,7,5,8,3",491
21,0.4478648320,22," 77,140 ",RRULDRDLLURURDLDRUULL,1.5659990311, 21 ,60695,0.4658692096," 66,056 "," 117,195 ",2.2230737209," 60,695 ","1,2,3,0,6,8,4,7,5",492
26,0.8671428608,27," 166,917 ",LDDLURRDLUURDLLDRULURRDLLU,3.5677359104, 26 ,59574,0.4658692096," 66,488 "," 120,079 ",2.2410740852," 59,574 ","4,3,0,5,2,6,8,7,1",493
22,0.4498112512,23," 80,665 ",ULURDLDRULLURRDLDLURUL,1.7412965298, 22 ,59370,0.4658151424," 66,126 "," 119,929 ",2.2480604649," 59,370 ","6,8,1,5,4,3,7,2,0",494
24,0.4506763264,25," 137,804 ",DLURURDDLUULDRRULDRDLLUU,2.7199983597, 24 ,61864,0.4658151424," 66,122 "," 114,766 ",2.2494554520," 61,864 ","2,8,6,7,0,4,5,3,1",495
22,0.4498112512,23," 89,091 ",LUURDLLDRRULULDRDLURUL,1.8754715919, 22 ,57954,0.4658151424," 66,126 "," 122,627 ",2.2579987049," 57,954 ","4,8,6,5,7,2,1,3,0",496
22,0.4498653184,23," 86,193 ",DRRDLLURRDLUULDDRRULLU,1.8091790676, 22 ,57248,0.4657610752," 65,982 "," 123,946 ",2.2611629963," 57,248 ","0,5,2,1,4,3,7,8,6",497
20,0.2294398976,21," 44,930 ",DLDRUULDLDRULURRDLUL,1.0340640545, 20 ,59596,0.4658692096," 66,488 "," 119,948 ",2.2634007931," 59,596 ","3,4,0,7,8,2,5,1,6",498
22,0.4506763264,23," 86,252 ",ULDRRULLDRRULLDRDRUULL,1.7819988728, 22 ,59760,0.4658151424," 66,122 "," 119,147 ",2.2657353878," 59,760 ","8,2,3,5,0,1,6,4,7",499
28,0.8671428608,29," 177,761 ",DDRURULLDDRURDLUURDLULDDRUUL,3.4711072445, 28 ,58416,0.4657610752," 65,982 "," 121,903 ",2.2665905952," 58,416 ","0,7,6,5,3,8,4,1,2",500
21,0.4478648320,22," 70,942 ",RULDDRULDRRULLDRRUULL,1.5029997826, 21 ,57989,0.4658692096," 66,056 "," 122,212 ",2.2690000534," 57,989 ","2,3,5,0,1,7,8,4,6",501
25,0.4508385280,26," 160,779 ",LLDRURDLUULDDRUURDLULDRUL,3.1752078533, 25 ,57949,0.4658151424," 66,125 "," 122,616 ",2.2721333504," 57,949 ","5,7,3,8,6,0,4,1,2",502
18,0.2235465728,19," 22,706 ",RUULDDRULDRRUULDLU,0.6320011616, 18 ,59568,0.4657610752," 65,982 "," 119,876 ",2.2759995461," 59,568 ","2,6,5,3,4,8,0,1,7",503
18,0.2240331776,19," 26,653 ",LLDRRULDLURDDRUULL,0.6541066170, 18 ,59428,0.4658692096," 66,488 "," 120,372 ",2.2830488682," 59,428 ","5,8,0,3,2,1,6,4,7",504
21,0.2332246016,22," 57,941 ",DDLUURDRDLURULLDDRULU,1.4280056953, 21 ,60367,0.4658151424," 66,123 "," 118,052 ",2.2906081676," 60,367 ","3,0,5,4,1,6,8,2,7",505
24,0.4499193856,25," 130,670 ",ULLDRUULDRRULLDDRURDLUUL,2.6482510567, 24 ,60132,0.4658151424," 66,126 "," 118,574 ",2.2921550274," 60,132 ","2,1,7,6,8,5,4,3,0",506
25,0.4508385280,26," 158,770 ",RDLURRULLDRDRUULLDDRRULLU,3.0051045418, 25 ,61031,0.4658692096," 66,056 "," 116,479 ",2.3011054993," 61,031 ","2,8,7,0,4,3,5,1,6",507
14,0.0555646976,15," 3,476 ",URDLUURRDDLULU,0.0549991131, 14 ,62982,0.4657610752," 65,982 "," 112,485 ",2.3031322956," 62,982 ","4,3,1,8,6,2,0,7,5",508
26,0.8670887936,27," 165,569 ",DLLURRDLLDRRULLDRUULDDRULU,3.2905082703, 26 ,56084,0.4658692096," 66,488 "," 126,173 ",2.3040986061," 56,084 ","5,1,0,8,2,7,6,3,4",509
24,0.4499193856,25," 130,358 ",URRULLDRRULDDRUULLDDRUUL,2.6831798553, 24 ,58754,0.4657610752," 65,982 "," 121,371 ",2.3172841072," 58,754 ","5,8,2,3,4,1,0,7,6",510
24,0.4499193856,25," 121,293 ",UULLDDRUURDLLDRRULDLURUL,2.4181313515, 24 ,57166,0.4658151424," 66,126 "," 123,955 ",2.3191015720," 57,166 ","8,4,2,1,7,3,5,6,0",511
23,0.4508385280,24," 107,999 ",DLURRDLLURDDRUULLDDRULU,2.1382145882, 23 ,57971,0.4658151424," 66,123 "," 122,536 ",2.3202009201," 57,971 ","2,0,1,8,3,5,4,7,6",512
24,0.4499193856,25," 124,515 ",DRULDRRULDRDLLURRDLURULL,2.4131867886, 24 ,58340,0.4657610752," 65,982 "," 122,042 ",2.3259999752," 58,340 ","0,6,3,5,1,2,8,4,7",513
14,0.0151371776,15," 3,009 ",UURDLDRRUULDLU,0.1440000534, 14 ,58100,0.4657610752," 65,982 "," 122,542 ",2.3372464180," 58,100 ","1,3,5,4,2,8,0,6,7",514
18,0.2239791104,19," 26,377 ",LLDRDLURURDDLURULL,0.4229991436, 18 ,63510,0.4658692096," 66,488 "," 111,102 ",2.3430628777," 63,510 ","7,2,0,1,6,5,8,3,4",515
16,0.0591872000,17," 12,664 ",LURRDLDLURDRULLU,0.2079987526, 16 ,59122,0.4658151424," 66,122 "," 120,469 ",2.3510870934," 59,122 ","6,3,1,8,0,2,5,4,7",516
24,0.4499193856,25," 131,368 ",DRRDLLURULDRRULLDRDRULUL,2.7022488117, 24 ,57024,0.4657610752," 65,982 "," 124,307 ",2.3511579037," 57,024 ","0,1,8,2,6,4,5,7,3",517
25,0.4508385280,26," 149,982 ",ULLDRDRUULLDRRULDDRUULDLU,2.9759492874, 25 ,58695,0.4658151424," 66,125 "," 121,181 ",2.3546113968," 58,695 ","8,2,7,5,3,0,6,4,1",518
24,0.4499193856,25," 134,800 ",RULURDLDRURULDRDLURULDLU,2.5773575306, 24 ,57220,0.4657610752," 65,982 "," 123,979 ",2.3589994907," 57,220 ","8,3,7,5,6,2,0,4,1",519
27,0.8667103232,28," 175,349 ",DLUULDRURDDLUURDDLLUURDDLUU,3.4982991219, 27 ,55793,0.4658151424," 66,125 "," 126,422 ",2.3591063023," 55,793 ","8,7,1,6,5,0,4,2,3",520
27,0.8668725248,28," 172,730 ",UULDRRDLUURDLULDDRRULULDRUL,3.3752162457, 27 ,60303,0.4658151424," 66,123 "," 118,227 ",2.3622322083," 60,303 ","8,4,5,3,7,6,1,0,2",521
23,0.4508385280,24," 116,469 ",LDDRRULULDDRRULULDDRUUL,2.2939999104, 23 ,56741,0.4658151424," 66,123 "," 124,758 ",2.3669996262," 56,741 ","5,0,2,7,8,6,4,1,3",522
27,0.8668725248,28," 175,819 ",DRULDDLUURDLDRRULDLURDRUULL,3.5068316460, 27 ,55791,0.4658151424," 66,123 "," 126,422 ",2.3724455833," 55,791 ","8,0,7,6,5,1,4,2,3",523
29,0.8668725248,30," 181,028 ",DLDRUULDRRULDRDLUULDDRURULDLU,3.5201189518, 29 ,61531,0.4658151424," 66,123 "," 115,547 ",2.3726258278," 61,531 ","5,0,6,8,3,7,2,4,1",524
20,0.2294398976,21," 51,829 ",RURDLULURRDDLUULDRUL,1.0665504932, 20 ,55168,0.4657610752," 65,982 "," 127,635 ",2.3852689266," 55,168 ","1,4,3,7,5,8,0,6,2",525
20,0.2294398976,21," 53,478 ",RRDLULDDRRUULLDRRULL,0.8860003948, 20 ,64180,0.4657610752," 65,982 "," 108,652 ",2.3872377872," 64,180 ","0,5,3,2,8,4,1,6,7",526
22,0.4498112512,23," 88,062 ",RDDRUULDDRULLDRRUULDLU,1.7900004387, 22 ,55864,0.4657610752," 65,982 "," 126,453 ",2.3906025887," 55,864 ","0,3,7,1,5,6,4,2,8",527
20,0.2293317632,21," 40,006 ",UURDRDLUURDDLUURDLLU,0.8470005989, 20 ,54624,0.4657610752," 65,982 "," 128,454 ",2.4178266525," 54,624 ","4,3,5,6,7,8,0,2,1",528
22,0.4498653184,23," 87,916 ",LUURDDLULURDLDRRUULDLU,1.8167843819, 22 ,56044,0.4658151424," 66,126 "," 126,047 ",2.4182488918," 56,044 ","1,6,3,2,7,5,4,8,0",529
24,0.4499193856,25," 131,295 ",DRRDLLUURRDLDLURULDDRUUL,2.7351348400, 24 ,55594,0.4657610752," 65,982 "," 126,989 ",2.4191603661," 55,594 ","0,4,7,3,6,5,1,8,2",530
16,0.0579436544,17," 8,933 ",DRDRUULDLURRDLUL,0.1980612278, 16 ,54968,0.4657610752," 65,982 "," 127,969 ",2.4331674576," 54,968 ","0,4,2,3,5,8,6,1,7",531
23,0.4508385280,24," 121,898 ",RRULDDRULLDRRULLURRDLUL,2.4430391788, 23 ,49711,0.4658692096," 66,056 "," 135,045 ",2.4439992905," 49,711 ","3,4,7,0,2,1,5,8,6",532
17,0.2216001536,18," 15,500 ",DLULURRDLLDRRUULL,0.4460008144, 17 ,53325,0.4658151424," 66,125 "," 130,033 ",2.4497623444," 53,325 ","4,1,2,8,6,0,3,7,5",533
26,0.4499193856,27," 160,399 ",DDLLURULDRRULLDRDLURRDLULU,3.0782804489, 26 ,56086,0.4658692096," 66,488 "," 126,188 ",2.4557654858," 56,086 ","2,3,0,8,1,7,4,5,6",534
26,0.8670887936,27," 168,892 ",LDRDLUULDDRUURDLLURDDRUULL,3.4373247623, 26 ,50968,0.4658692096," 66,488 "," 133,756 ",2.4559991360," 50,968 ","8,1,0,3,4,6,2,7,5",535
22,0.4498653184,23," 82,322 ",DRDLURRDLLURULDRDRUULL,1.6690812111, 22 ,52386,0.4657610752," 65,982 "," 131,866 ",2.4591941833," 52,386 ","0,3,5,2,4,1,7,6,8",536
24,0.4499193856,25," 136,665 ",RURULLDRURDDLURDLLUURDLU,2.7534277439, 24 ,54162,0.4657610752," 65,982 "," 129,186 ",2.4676783085," 54,162 ","8,3,2,4,5,6,0,7,1",537
26,0.8671428608,27," 168,181 ",LULURRDLDLUURDDLUURRDLDLUU,3.4503402710, 26 ,51726,0.4658151424," 66,126 "," 132,256 ",2.4799971581," 51,726 ","4,7,6,2,3,1,5,8,0",538
21,0.2332786688,22," 59,541 ",ULDLURDLDRURULLDDRULU,1.1895136833, 21 ,52061,0.4658151424," 66,125 "," 131,818 ",2.4965424538," 52,061 ","6,5,7,2,1,0,3,4,8",539
21,0.4478648320,22," 72,457 ",LDRURDLDRULLURDLDRUUL,1.5221412182, 21 ,54311,0.4658151424," 66,123 "," 128,522 ",2.5013756752," 54,311 ","8,0,1,7,4,2,3,5,6",540
23,0.4508385280,24," 123,844 ",RDLLDRRULLDRUULDDRRULUL,2.5722436905, 23 ,50325,0.4658151424," 66,123 "," 134,175 ",2.5041081905," 50,325 ","4,0,5,8,7,2,6,1,3",541
22,0.4498112512,23," 92,500 ",LURULLDRRDLLUURDRDLULU,1.9360985756, 22 ,52648,0.4658151424," 66,126 "," 131,016 ",2.5051088333," 52,648 ","3,2,1,4,5,6,8,7,0",542
23,0.4508385280,24," 123,006 ",RULLURDDLUURDRULDDRULUL,2.4415783882, 23 ,50723,0.4658151424," 66,123 "," 133,667 ",2.5142331123," 50,723 ","6,3,8,1,4,7,5,0,2",543
21,0.4479188992,22," 72,647 ",LDRDLUURDRULLDRDLURUL,1.6779649258, 21 ,49101,0.4658151424," 66,123 "," 135,801 ",2.5250575542," 49,101 ","4,0,5,1,7,6,3,2,8",544
16,0.0576192512,17," 7,452 ",UULDDRULURDLDLUU,0.1229979992, 16 ,56600,0.4658151424," 66,126 "," 125,012 ",2.5365138054," 56,600 ","3,1,8,6,5,4,7,2,0",545
15,0.0571867136,16," 7,701 ",RUULDDLUURDRULL,0.1239995956, 15 ,57199,0.4658151424," 66,123 "," 123,920 ",2.5381369591," 57,199 ","3,5,4,6,1,8,7,0,2",546
26,0.8670887936,27," 166,466 ",LDDLUURDRULDDRULDLUURRDLUL,3.2296373844, 26 ,53520,0.4658692096," 66,488 "," 130,206 ",2.5413315296," 53,520 ","6,8,0,7,3,1,2,4,5",547
22,0.4498653184,23," 74,884 ",UULDLDRURDLLURULDDRULU,1.5052821636, 22 ,52496,0.4658151424," 66,126 "," 131,227 ",2.5452020168," 52,496 ","1,2,3,8,7,5,4,6,0",548
23,0.4508385280,24," 111,490 ",URULDLDRRULLURDLDRRULUL,2.3922317028, 23 ,47429,0.4658151424," 66,123 "," 137,940 ",2.5481724739," 47,429 ","5,2,7,8,3,1,4,0,6",549
20,0.2293858304,21," 40,262 ",DDRURDLURULDRDLURULL,0.8510766029, 20 ,50108,0.4657610752," 65,982 "," 134,765 ",2.5590395927," 50,108 ","0,5,7,1,4,8,3,6,2",550
20,0.2294398976,21," 54,310 ",RRDLLURDDRUULLDRRULL,1.1221299171, 20 ,48118,0.4657610752," 65,982 "," 137,356 ",2.5750796795," 48,118 ","0,1,2,5,8,4,6,3,7",551
27,0.8667103232,28," 178,099 ",RRULDDLUURDLDRRULDLURDRUULL,3.6900005341, 27 ,46465,0.4658692096," 66,056 "," 139,243 ",2.5800969601," 46,465 ","8,5,7,0,6,1,4,2,3",552
24,0.4499193856,25," 129,665 ",URRULDLURDDLURRDLURULDLU,2.6677618027, 24 ,47854,0.4657610752," 65,982 "," 137,697 ",2.5852460861," 47,854 ","6,5,7,8,2,3,0,4,1",553
17,0.0601063424,18," 13,134 ",UULDRDLURRDLLURUL,0.3990004063, 17 ,48089,0.4658151424," 66,123 "," 137,086 ",2.5890002251," 48,089 ","4,7,2,1,6,3,8,0,5",554
25,0.4508385280,26," 148,314 ",DLURDDLUURDRDLLURRDLLURUL,2.9552474022, 25 ,50149,0.4658151424," 66,123 "," 134,433 ",2.5923657417," 50,149 ","8,0,2,1,7,6,5,4,3",555
18,0.2246819840,19," 25,249 ",DLUURRDDLLUURDDLUU,0.5100004673, 18 ,46732,0.4658151424," 66,122 "," 138,778 ",2.6029968262," 46,732 ","7,6,3,4,0,2,8,1,5",556
19,0.2271690752,20," 36,207 ",DRDLLURRULDRDLURULL,0.8051245213, 19 ,45877,0.4658151424," 66,123 "," 139,634 ",2.6054573059," 45,877 ","1,0,7,6,5,3,8,4,2",557
24,0.4499193856,25," 139,958 ",RRULLDRUURDDLLURULDRDLUU,2.7593128681, 24 ,49166,0.4657610752," 65,982 "," 136,023 ",2.6135342121," 49,166 ","1,3,6,8,2,5,0,7,4",558
18,0.2238709760,19," 24,775 ",LULDRRULLURRDDLLUU,0.3971989155, 18 ,53672,0.4658151424," 66,126 "," 129,503 ",2.6191263199," 53,672 ","6,3,1,2,7,5,4,8,0",559
24,0.4499193856,25," 118,759 ",UULDLURDRULDDRUULDDRUULL,2.4351730347, 24 ,45624,0.4658151424," 66,126 "," 139,974 ",2.6310827732," 45,624 ","3,7,5,8,1,4,6,2,0",560
23,0.4508385280,24," 104,057 ",UURDLULDRURDDLURDLLURUL,2.0122194290, 23 ,47733,0.4658151424," 66,123 "," 137,551 ",2.6314189434," 47,733 ","8,2,6,1,5,4,7,0,3",561
20,0.2294939648,21," 49,032 ",LDDRULDLUURDDLUURDLU,1.0707068443, 20 ,43244,0.4658692096," 66,488 "," 142,883 ",2.6317665577," 43,244 ","6,2,0,7,4,8,1,5,3",562
25,0.4508385280,26," 145,724 ",URDLDRULURRDDLULURDRDLLUU,2.9109902382, 25 ,46921,0.4658692096," 66,056 "," 138,687 ",2.6427543163," 46,921 ","5,1,3,0,6,2,8,7,4",563
18,0.2234925056,19," 22,592 ",DRRDLLURRDLUURDLLU,0.3619980812, 18 ,54022,0.4657610752," 65,982 "," 129,362 ",2.6430652142," 54,022 ","0,5,1,3,6,4,8,2,7",564
18,0.2235465728,19," 22,478 ",ULLDRRUULLDRRDLLUU,0.6010205746, 18 ,44032,0.4658151424," 66,126 "," 141,944 ",2.6440877914," 44,032 ","1,2,4,6,5,8,3,7,0",565
13,0.0148127744,14," 2,562 ",DRULDRDLLURUL,0.0409984589, 13 ,48471,0.4658151424," 66,123 "," 136,600 ",2.6503031254," 48,471 ","1,0,3,6,2,4,7,8,5",566
24,0.4499193856,25," 136,892 ",LURULDLURDDRUULLDRDRULUL,2.7173759937, 24 ,43580,0.4658151424," 66,126 "," 142,491 ",2.6536564827," 43,580 ","1,8,7,2,3,4,6,5,0",567
15,0.0569163776,16," 6,482 ",DLULDRRUULDRULL,0.1029999256, 15 ,50339,0.4658151424," 66,125 "," 134,136 ",2.6554515362," 50,339 ","1,5,4,2,6,0,3,7,8",568
24,0.4499193856,25," 132,507 ",RDDLURDRUULDDLURRDLURULL,2.5679423809, 24 ,45948,0.4657610752," 65,982 "," 140,093 ",2.6648094654," 45,948 ","0,1,7,8,5,4,2,6,3",569
26,0.4499193856,27," 157,778 ",UURDLURRDLDRULLDRUULDDRUUL,3.0409991741, 26 ,47054,0.4657610752," 65,982 "," 138,719 ",2.6650211811," 47,054 ","8,6,7,1,4,2,0,5,3",570
20,0.2307375104,21," 50,847 ",URDLLDRRULLURRDLDLUU,1.0299978256, 20 ,46980,0.4658151424," 66,122 "," 138,491 ",2.6674170494," 46,980 ","6,8,3,2,0,1,5,7,4",571
23,0.4508385280,24," 115,591 ",LUURDLDRRULLDRULURRDLLU,2.3041810989, 23 ,49417,0.4658151424," 66,123 "," 135,388 ",2.6791391373," 49,417 ","2,4,1,7,3,8,5,0,6",572
21,0.4478648320,22," 66,242 ",DLUURDLLDRUULDRRULDLU,1.4201686382, 21 ,41581,0.8846606336," 66,125 "," 144,715 ",2.7262213230," 41,581 ","2,1,4,7,6,0,3,8,5",573
28,0.8684404736,29," 180,604 ",LURDLDRULURDRDLLURRULLDRDLUU,3.4871363640, 28 ,46050,0.4658151424," 66,122 "," 139,464 ",2.7291705608," 46,050 ","8,7,5,1,0,3,2,4,6",574
23,0.4508385280,24," 117,157 ",LURULDRDRUULDDLURRDLUUL,2.3536512852, 23 ,44197,0.4658151424," 66,123 "," 141,726 ",2.7311832905," 44,197 ","2,6,7,8,1,5,4,0,3",575
17,0.2214920192,18," 15,204 ",DLDRRUULLDDRRUULL,0.3560001850, 17 ,39675,0.8846606336," 66,123 "," 146,812 ",2.7432351112," 39,675 ","2,0,8,4,5,7,1,3,6",576
28,0.8671428608,29," 178,935 ",DRURDDLURDLLURRDLUULDDRRULUL,3.6552319527, 28 ,44504,0.4657610752," 65,982 "," 141,711 ",2.7554752827," 44,504 ","0,8,5,4,3,2,7,6,1",577
21,0.4478648320,22," 68,092 ",DRURULLDRRDLLURDRULLU,1.3369543552, 21 ,40095,0.8849850368," 66,056 "," 146,641 ",2.7664926052," 40,095 ","1,2,4,0,7,6,3,5,8",578
22,0.4498112512,23," 84,215 ",DRRULDLURDRDLLURRDLLUU,1.7551550865, 22 ,37998,0.8849850368," 65,982 "," 148,833 ",2.7849979401," 37,998 ","0,2,6,7,1,3,8,5,4",579
26,0.4499193856,27," 158,987 ",UULDLDRRULLDRRUULLDRRULDLU,3.1172411442, 26 ,40802,0.8846606336," 66,126 "," 145,585 ",2.7981638908," 40,802 ","2,1,7,8,5,6,4,3,0",580
24,0.4499193856,25," 133,898 ",LUURDLULDRDLURRDLUURDLUL,2.6529989243, 24 ,39596,0.8846606336," 66,126 "," 146,908 ",2.8147740364," 39,596 ","5,7,6,1,3,4,8,2,0",581
23,0.4508385280,24," 106,223 ",ULLDDRURDLURULDLDRRULUL,2.2070708275, 23 ,39535,0.8846606336," 66,125 "," 146,943 ",2.8180003166," 39,535 ","2,8,6,1,7,0,5,3,4",582
25,0.4508385280,26," 155,846 ",DRRULLDRRUULDLURDLDRURULL,2.9954011440, 25 ,39613,0.8849850368," 66,056 "," 147,129 ",2.8419990540," 39,613 ","7,5,4,0,8,6,1,2,3",583
25,0.4508385280,26," 145,171 ",URDLURRDLULDDRUULDDRRUULL,2.9705665112, 25 ,36071,0.8849850368," 66,056 "," 150,876 ",2.8480665684," 36,071 ","8,2,6,0,4,5,1,3,7",584
22,0.4498112512,23," 89,828 ",LDLURDRULLDDRUULDRRULL,1.8631975651, 22 ,36012,0.8846606336," 66,488 "," 150,725 ",2.8559999466," 36,012 ","2,4,0,5,3,7,1,6,8",585
20,0.2307375104,21," 51,617 ",DLUURDRDLURULLDRDLUU,1.1461682320, 20 ,35618,0.8846606336," 66,122 "," 151,010 ",2.8598918915," 35,618 ","3,1,5,7,0,4,8,2,6",586
27,0.8668725248,28," 178,315 ",RULLURRDLLURDLDRRUULDLDRUUL,3.5453958511, 27 ,31921,0.8846606336," 66,123 "," 154,599 ",2.8645114899," 31,921 ","2,4,1,8,5,6,7,0,3",587
22,0.4506763264,23," 95,047 ",DRUULDDRULLURDLDRRULUL,1.9717905521, 22 ,34522,0.8846606336," 66,122 "," 152,092 ",2.8737301826," 34,522 ","5,2,7,4,0,6,3,1,8",588
21,0.2332786688,22," 60,416 ",UURDDLURULLDDRUURDLLU,1.2770318985, 21 ,32883,0.8846606336," 66,123 "," 153,736 ",2.8869996071," 32,883 ","5,6,1,3,8,2,4,0,7",589
16,0.0578355200,17," 8,415 ",DLULDRRULLDDRUUL,0.2829997540, 16 ,31482,0.8846606336," 66,488 "," 155,064 ",2.9158294201," 31,482 ","2,1,0,4,7,5,3,6,8",590
21,0.4478648320,22," 73,200 ",LURDLDLURDRUULLDRRULL,1.4644589424, 21 ,34261,0.8846606336," 66,125 "," 152,398 ",2.9310965538," 34,261 ","2,8,5,6,4,0,3,1,7",591
24,0.4506763264,25," 140,250 ",DRUULDRDLLURRULLDRDRUULL,2.9984197617, 24 ,34438,0.8846606336," 66,122 "," 152,193 ",2.9356603622," 34,438 ","2,8,1,6,0,3,4,5,7",592
22,0.4498653184,23," 93,636 ",RRDDLURULDRDLULDRRULLU,1.9635412693, 22 ,31388,0.8849850368," 65,982 "," 155,109 ",2.9583082199," 31,388 ","0,3,2,5,7,6,4,8,1",593
17,0.0602685440,18," 14,050 ",DLURDDLUURDDRULLU,0.2330002785, 17 ,35631,0.8846606336," 66,123 "," 150,971 ",2.9773361683," 35,631 ","6,0,2,3,4,8,5,1,7",594
22,0.4498112512,23," 89,120 ",LDDRULLDRRULURDLLDRULU,1.7136354446, 22 ,34646,0.8846606336," 66,488 "," 152,026 ",2.9809992313," 34,646 ","3,1,0,2,5,6,7,8,4",595
24,0.4499193856,25," 136,484 ",LULDRRUULDRDLURULLDRRULL,2.7038254738, 24 ,29232,0.8846606336," 66,126 "," 157,199 ",2.9912488461," 29,232 ","2,4,7,5,6,3,1,8,0",596
23,0.4508385280,24," 105,902 ",ULURDDLURRDLURULLDDRULU,2.1281130314, 23 ,30111,0.8846606336," 66,123 "," 156,368 ",3.0014910698," 30,111 ","4,1,5,2,3,6,8,0,7",597
17,0.2216542208,18," 15,753 ",DRURULLDDRUULDRUL,0.2560226917, 17 ,34351,0.8849850368," 66,056 "," 152,538 ",3.0070192814," 34,351 ","3,2,5,0,6,7,4,1,8",598
18,0.2236006400,19," 22,990 ",RDDLURDRUULLDRRULL,0.5735127926, 18 ,26738,0.8849850368," 65,982 "," 159,293 ",3.0290122032," 26,738 ","0,2,4,6,5,8,3,1,7",599
18,0.2233843712,19," 20,916 ",ULDLURDRUULDDRUULL,0.4329984188, 18 ,26452,0.8846606336," 66,126 "," 159,554 ",3.0465312004," 26,452 ","1,5,8,6,7,4,2,3,0",600
20,0.2307375104,21," 50,465 ",URDLLURRDDLLURDRULUL,1.0699241161, 20 ,24936,0.8846606336," 66,122 "," 160,893 ",3.0489466190," 24,936 ","6,2,1,3,0,4,5,7,8",601
23,0.4508385280,24," 109,904 ",ULDRRUULDDRULLDRRULDLUU,2.2716233730, 23 ,21539,0.8846606336," 66,123 "," 163,777 ",3.0622851849," 21,539 ","3,2,4,1,6,7,5,0,8",602
22,0.4498653184,23," 73,108 ",DDLUURDDLLURULDRDLURUL,1.5084109306, 22 ,24452,0.8846606336," 66,488 "," 161,352 ",3.0762534142," 24,452 ","4,1,0,7,8,6,3,5,2",603
20,0.2307915776,21," 62,993 ",RDLLURULDRRULLDRDLUU,1.2930195332, 20 ,20568,0.8846606336," 66,122 "," 164,617 ",3.0994763374," 20,568 ","2,3,5,7,0,1,4,8,6",604
22,0.4498112512,23," 92,284 ",LURULLDDRURDLUURDDLUUL,1.9362328053, 22 ,28760,0.8846606336," 66,126 "," 157,579 ",3.1055886745," 28,760 ","7,4,8,1,6,5,3,2,0",605
31,0.8668725248,31," 181,439 ",DDLURRULLDRRDLLURURDDLUURDDLLUU,3.4001774788, 31 ,24249,0.8846606336," 66,123 "," 161,478 ",3.1120054722," 24,249 ","8,0,6,5,4,7,2,3,1",606
22,0.4498653184,23," 73,715 ",UULDLURDDLURULDRDLURUL,1.4602825642, 22 ,23880,0.8846606336," 66,126 "," 161,795 ",3.1136591434," 23,880 ","7,2,5,6,4,8,3,1,0",607
26,0.8671428608,27," 165,847 ",DRRDLULDRURDLUURDLLURDDLUU,3.2933914661, 26 ,24668,0.8849850368," 65,982 "," 161,037 ",3.1183023453," 24,668 ","0,5,3,6,8,7,1,2,4",608
13,0.0147046400,14," 2,347 ",ULLDRDRUULDLU,0.0379991531, 13 ,24011,0.8846606336," 66,125 "," 161,682 ",3.1251258850," 24,011 ","2,5,8,3,4,0,6,1,7",609
18,0.2233303040,19," 20,735 ",DLDLUURRDDLLURRULL,0.4729981422, 18 ,22242,0.8846606336," 66,488 "," 163,256 ",3.1272685528," 22,242 ","6,1,0,7,5,2,8,3,4",610
27,0.8668725248,28," 172,958 ",DDRUULDDLUURDLDRURDLULDRUUL,3.3827300072, 27 ,23409,0.8846606336," 66,123 "," 162,174 ",3.1429986954," 23,409 ","8,0,6,7,2,5,3,1,4",611
26,0.8670887936,27," 168,341 ",LDLURRDLLDRRULLDRRULURDLLU,3.3726046085, 26 ,23184,0.8846606336," 66,488 "," 162,472 ",3.1752343178," 23,184 ","8,5,0,7,3,1,2,4,6",612
20,0.2293858304,21," 40,994 ",DDRRULULDDRRUULDRULL,0.6849989891, 20 ,34798,0.8849850368," 65,982 "," 151,946 ",3.1942596436," 34,798 ","0,2,4,5,8,7,1,3,6",613
24,0.4499193856,25," 116,896 ",DDRUULDRRULDDLUURRDLDLUU,2.3821072578, 24 ,17670,0.8849850368," 65,982 "," 167,036 ",3.2580008507," 17,670 ","0,7,2,1,5,3,6,4,8",614
23,0.4508385280,24," 105,283 ",URDRDLLURRULDDRUULLDRUL,2.1080837250, 23 ,18189,0.8849850368," 66,056 "," 166,648 ",3.2589995861," 18,189 ","6,4,8,0,5,1,3,7,2",615
3,0.0003031040,4, 10 ,ULL,0.0000000000, 3 ,3,0.8846606336," 66,125 "," 181,437 ",3.4376294613, 3 ,"1,2,5,3,4,0,6,7,8",616
